id,slug,name.ja,name.en,name.de,name.fr,type.0,type.1,mythical,legendary,ultra_beast,height,weight,evo.from,evo.to,evo.trigger,evo.item,evo.level,base.hp,base.atk,base.def,base.satk,base.sdef,base.spd,total
1,bulbasaur,フシギダネ,Bulbasaur,Bisasam,Bulbizarre,Grass,Poison,,,,7,69,,2,1,,16,45,49,49,65,65,45,318
2,ivysaur,フシギソウ,Ivysaur,Bisaknosp,Herbizarre,Grass,Poison,,,,10,130,1,3,1,,32,60,62,63,80,80,60,405
3,venusaur,フシギバナ,Venusaur,Bisaflor,Florizarre,Grass,Poison,,,,20,1000,2,,,,,80,82,83,100,100,80,525
4,charmander,ヒトカゲ,Charmander,Glumanda,Salamèche,Fire,,,,,6,85,,5,1,,16,39,52,43,60,50,65,309
5,charmeleon,リザード,Charmeleon,Glutexo,Reptincel,Fire,,,,,11,190,4,6,1,,36,58,64,58,80,65,80,405
6,charizard,リザードン,Charizard,Glurak,Dracaufeu,Fire,Flying,,,,17,905,5,,,,,78,84,78,109,85,100,534
7,squirtle,ゼニガメ,Squirtle,Schiggy,Carapuce,Water,,,,,5,90,,8,1,,16,44,48,65,50,64,43,314
8,wartortle,カメール,Wartortle,Schillok,Carabaffe,Water,,,,,10,225,7,9,1,,36,59,63,80,65,80,58,405
9,blastoise,カメックス,Blastoise,Turtok,Tortank,Water,,,,,16,855,8,,,,,79,83,100,85,105,78,530
10,caterpie,キャタピー,Caterpie,Raupy,Chenipan,Bug,,,,,3,29,,11,1,,7,45,30,35,20,20,45,195
11,metapod,フシギダネ,Metapod,Safcon,Chrysacier,Bug,,,,,7,99,10,12,1,,10,50,20,55,25,25,30,205
12,butterfree,バタフリー,Butterfree,Smettbo,Papilusion,Bug,Flying,,,,11,320,11,,,,,60,45,50,90,80,70,395
13,weedle,ビードル,Weedle,Hornliu,Aspicot,Bug,Poison,,,,3,32,,14,1,,7,40,35,30,20,20,50,195
14,kakuna,コクーン,Kakuna,Kokuna,Coconfort,Bug,Poison,,,,6,100,13,15,1,,10,45,25,50,25,25,35,205
15,beedrill,スピアー,Beedrill,Bibor,Dardargnan,Bug,Poison,,,,10,295,14,,,,,65,90,40,45,80,75,395
16,pidgey,ポッポ,Pidgey,Taubsi,Roucool,Normal,Flying,,,,3,18,,17,1,,18,40,45,40,35,35,56,251
17,pidgeotto,ピジョン,Pidgeotto,Tauboga,Roucoups,Normal,Flying,,,,11,300,16,18,1,,36,63,60,55,50,50,71,349
18,pidgeot,ピジョット,Pidgeot,Tauboss,Roucarnage,Normal,Flying,,,,15,395,17,,,,,83,80,75,70,70,101,479
19,rattata,コラッタ,Rattata,Rattfratz,Rattata,Normal,,,,,3,35,,20,1,,20,30,56,35,25,35,72,253
20,raticate,ラッタ,Raticate,Rattikarl,Rattatac,Normal,,,,,7,185,19,,,,,55,81,60,50,70,97,413
21,spearow,フシギソウ,Spearow,Habitak,Piafabec,Normal,Flying,,,,3,20,,22,1,,20,40,60,30,31,31,70,262
22,fearow,オニドリル,Fearow,Ibitak,Rapasdepic,Normal,Flying,,,,12,380,21,,,,,65,90,65,61,61,100,442
23,ekans,アーボ,Ekans,Rettan,Abo,Poison,,,,,20,69,,24,1,,22,35,60,44,40,54,55,288
24,arbok,アーボック,Arbok,Arbok,Arbok,Poison,,,,,35,650,23,,,,,60,95,69,65,79,80,448
25,pikachu,ピカチュウ,Pikachu,Pikachu,Pikachu,Electric,,,,,4,60,172,26,3,83,,35,55,40,50,50,90,320
26,raichu,ライチュウ,Raichu,Raichu,Raichu,Electric,,,,,8,300,25,,,,,60,90,55,90,80,110,485
27,sandshrew,サンド,Sandshrew,Sandan,Sabelette,Ground,,,,,6,120,,28,1,,22,50,75,85,20,30,40,300
28,sandslash,サンドパン,Sandslash,Sandamer,Sablaireau,Ground,,,,,10,295,27,,,,,75,100,110,45,55,65,450
29,nidoran-f,ニドラン♀,NidoranF,Nidoran♀,Nidoran♀,Poison,,,,,4,70,,30,1,,16,55,47,52,40,40,41,275
30,nidorina,ニドリーナ,Nidorina,Nidorina,Nidorina,Poison,,,,,8,200,29,31,3,81,,70,62,67,55,55,56,365
31,nidoqueen,フシギバナ,Nidoqueen,Nidoqueen,Nidoqueen,Poison,Ground,,,,13,600,30,,,,,90,92,87,75,85,76,505
32,nidoran-m,ニドラン♂,NidoranM,Nidoran♂,Nidoran♂,Poison,,,,,5,90,,33,1,,16,46,57,40,40,40,50,273
33,nidorino,ニドリーノ,Nidorino,Nidorino,Nidorino,Poison,,,,,9,195,32,34,3,81,,61,72,57,55,55,65,365
34,nidoking,ニドキング,Nidoking,Nidoking,Nidoking,Poison,Ground,,,,14,620,33,,,,,81,102,77,85,75,85,505
35,clefairy,ピッピ,Clefairy,Piepi,Mélofée,Fairy,,,,,6,75,173,36,3,81,,70,45,48,60,65,35,323
36,clefable,ピクシー,Clefable,Pixi,Mélodelfe,Fairy,,,,,13,400,35,,,,,95,70,73,95,90,60,483
37,vulpix,ロコン,Vulpix,Vulpix,Goupix,Fire,,,,,6,99,,38,3,82,,38,41,40,50,65,65,299
38,ninetales,キュウコン,Ninetales,Vulnona,Feunard,Fire,,,,,11,199,37,,,,,73,76,75,81,100,100,505
39,jigglypuff,プリン,Jigglypuff,Pummeluff,Rondoudou,Normal,Fairy,,,,5,55,174,40,3,81,,115,45,20,45,25,20,270
40,wigglytuff,プクリン,Wigglytuff,Knuddeluff,Grodoudou,Normal,Fairy,,,,10,120,39,,,,,140,70,45,85,50,45,435
41,zubat,ヒトカゲ,Zubat,Zubat,Nosferapti,Poison,Flying,,,,8,75,,42,1,,22,40,45,35,30,40,55,245
42,golbat,ゴルバット,Golbat,Golbat,Nosferalto,Poison,Flying,,,,16,550,41,169,1,,,75,80,70,65,75,90,455
43,oddish,ナゾノクサ,Oddish,Myrapla,Mystherbe,Grass,Poison,,,,5,54,,44,1,,21,45,50,55,75,65,30,320
44,gloom,クサイハナ,Gloom,Duflor,Ortide,Grass,Poison,,,,8,86,43,45,3,85,,60,65,70,85,75,40,395
45,vileplume,ラフレシア,Vileplume,Giflor,Rafflesia,Grass,Poison,,,,12,186,44,,,,,75,80,85,110,90,50,490
46,paras,パラス,Paras,Paras,Paras,Bug,Grass,,,,3,54,,47,1,,24,35,70,55,45,55,25,285
47,parasect,パラセクト,Parasect,Parasek,Parasect,Bug,Grass,,,,10,295,46,,,,,60,95,80,60,80,30,405
48,venonat,コンパン,Venonat,Bluzuk,Mimitoss,Bug,Poison,,,,10,300,,49,1,,31,60,55,50,40,55,45,305
49,venomoth,モルフォン,Venomoth,Omot,Aéromite,Bug,Poison,,,,15,125,48,,,,,70,65,60,90,75,90,450
50,diglett,ディグダ,Diglett,Digda,Taupiqueur,Ground,,,,,2,8,,51,1,,26,10,55,25,35,45,95,265
51,dugtrio,リザード,Dugtrio,Digdri,Triopikeur,Ground,,,,,7,333,50,,,,,35,100,50,50,70,120,425
52,meowth,ニャース,Meowth,Mauzi,Miaouss,Normal,,,,,4,42,,53,1,,28,40,45,35,40,40,90,290
53,persian,ペルシアン,Persian,Snobilikat,Persian,Normal,,,,,10,320,52,,,,,65,70,60,65,65,115,440
54,psyduck,コダック,Psyduck,Enton,Psykokwak,Water,,,,,8,196,,55,1,,33,50,52,48,65,50,55,320
55,golduck,ゴルダック,Golduck,Entoron,Akwakwak,Water,,,,,17,766,54,,,,,80,82,78,95,80,85,500
56,mankey,マンキー,Mankey,Menki,Férosinge,Fighting,,,,,5,280,,57,1,,28,40,80,35,35,45,70,305
57,primeape,オコリザル,Primeape,Rasaff,Colossinge,Fighting,,,,,10,320,56,,,,,65,105,60,60,70,95,455
58,growlithe,ガーディ,Growlithe,Fukano,Caninos,Fire,,,,,7,190,,59,3,82,,55,70,45,70,50,60,350
59,arcanine,ウインディ,Arcanine,Arkani,Arcanin,Fire,,,,,19,1550,58,,,,,90,110,80,100,80,95,555
60,poliwag,ニョロモ,Poliwag,Quapsel,Ptitard,Water,,,,,6,124,,61,1,,25,40,50,40,40,40,90,300
61,poliwhirl,リザードン,Poliwhirl,Quaputzi,Têtarte,Water,,,,,10,200,60,62,3,84,,65,65,65,50,50,90,385
62,poliwrath,ニョロボン,Poliwrath,Quappo,Tartard,Water,Fighting,,,,13,540,61,,,,,90,95,95,70,90,70,510
63,abra,ケーシィ,Abra,Abra,Abra,Psychic,,,,,9,195,,64,1,,16,25,20,15,105,55,90,310
64,kadabra,ユンゲラー,Kadabra,Kadabra,Kadabra,Psychic,,,,,13,565,63,65,2,,,40,35,30,120,70,105,400
65,alakazam,フーディン,Alakazam,Simsala,Alakazam,Psychic,,,,,15,480,64,,,,,55,50,45,135,95,120,500
66,machop,ワンリキー,Machop,Machollo,Machoc,Fighting,,,,,8,195,,67,1,,28,70,80,50,35,35,35,305
67,machoke,ゴーリキー,Machoke,Maschock,Machopeur,Fighting,,,,,15,705,66,68,2,,,80,100,70,50,60,45,405
68,machamp,カイリキー,Machamp,Machomei,Mackogneur,Fighting,,,,,16,1300,67,,,,,90,130,80,65,85,55,505
69,bellsprout,マダツボミ,Bellsprout,Knofensa,Chétiflor,Grass,Poison,,,,7,40,,70,1,,21,50,75,35,70,30,40,300
70,weepinbell,ウツドン,Weepinbell,Ultrigaria,Boustiflor,Grass,Poison,,,,10,64,69,71,3,85,,65,90,50,85,45,55,390
71,victreebel,ゼニガメ,Victreebel,Sarzenia,Empiflor,Grass,Poison,,,,17,155,70,,,,,80,105,65,100,70,70,490
72,tentacool,メノクラゲ,Tentacool,Tentacha,Tentacool,Water,Poison,,,,9,455,,73,1,,30,40,40,35,50,100,70,335
73,tentacruel,ドククラゲ,Tentacruel,Tentoxa,Tentacruel,Water,Poison,,,,16,550,72,,,,,80,70,65,80,120,100,515
74,geodude,イシツブテ,Geodude,Kleinstein,Racaillou,Rock,Ground,,,,4,200,,75,1,,25,40,80,100,30,30,20,300
75,graveler,ゴローン,Graveler,Georok,Gravalanch,Rock,Ground,,,,10,1050,74,76,2,,,55,95,115,45,45,35,390
76,golem,ゴローニャ,Golem,Geowaz,Grolem,Rock,Ground,,,,14,3000,75,,,,,80,120,130,55,65,45,495
77,ponyta,ポニータ,Ponyta,Ponita,Ponyta,Fire,,,,,10,300,,78,1,,40,50,85,55,65,65,90,410
78,rapidash,ギャロップ,Rapidash,Gallopa,Galopa,Fire,,,,,17,950,77,,,,,65,100,70,80,80,105,500
79,slowpoke,ヤドン,Slowpoke,Flegmon,Ramoloss,Water,Psychic,,,,12,360,,80,1,,37,90,65,65,40,40,15,315
80,slowbro,ヤドラン,Slowbro,Lahmus,Flagadoss,Water,Psychic,,,,16,785,79,,,,,95,75,110,100,80,30,490
81,magnemite,カメール,Magnemite,Magnetilo,Magnéti,Electric,Steel,,,,3,60,,82,1,,30,25,35,70,95,55,45,325
82,magneton,レアコイル,Magneton,Magneton,Magnéton,Electric,Steel,,,,10,600,81,462,1,,,50,60,95,120,70,70,465
83,farfetchd,カモネギ,Farfetch'd,Porenta,Canarticho,Normal,Flying,,,,8,150,,,,,,52,90,55,58,62,60,377
84,doduo,ドードー,Doduo,Dodu,Doduo,Normal,Flying,,,,14,392,,85,1,,31,35,85,45,35,35,75,310
85,dodrio,ドードリオ,Dodrio,Dodri,Dodrio,Normal,Flying,,,,18,852,84,,,,,60,110,70,60,60,110,470
86,seel,パウワウ,Seel,Jurob,Otaria,Water,,,,,11,900,,87,1,,34,65,45,55,45,70,45,325
87,dewgong,ジュゴン,Dewgong,Jugong,Lamantine,Water,Ice,,,,17,1200,86,,,,,90,70,80,70,95,70,475
88,grimer,ベトベター,Grimer,Sleima,Tadmorv,Poison,,,,,9,300,,89,1,,38,80,80,50,40,50,25,325
89,muk,ベトベトン,Muk,Sleimok,Grotadmorv,Poison,,,,,12,300,88,,,,,105,105,75,65,100,50,500
90,shellder,シェルダー,Shellder,Muschas,Kokiyas,Water,,,,,3,40,,91,3,84,,30,65,100,45,25,40,305
91,cloyster,カメックス,Cloyster,Austos,Crustabri,Water,Ice,,,,15,1325,90,,,,,50,95,180,85,45,70,525
92,gastly,ゴース,Gastly,Nebulak,Fantominus,Ghost,Poison,,,,13,1,,93,1,,25,30,35,30,100,35,80,310
93,haunter,ゴースト,Haunter,Alpollo,Spectrum,Ghost,Poison,,,,16,1,92,94,2,,,45,50,45,115,55,95,405
94,gengar,ゲンガー,Gengar,Gengar,Ectoplasma,Ghost,Poison,,,,15,405,93,,,,,60,65,60,130,75,110,500
95,onix,イワーク,Onix,Onix,Onix,Rock,Ground,,,,88,2100,,208,2,,,35,45,160,30,45,70,385
96,drowzee,スリープ,Drowzee,Traumato,Soporifik,Psychic,,,,,10,324,,97,1,,26,60,48,45,43,90,42,328
97,hypno,スリーパー,Hypno,Hypno,Hypnomade,Psychic,,,,,16,756,96,,,,,85,73,70,73,115,67,483
98,krabby,クラブ,Krabby,Krabby,Krabby,Water,,,,,4,65,,99,1,,28,30,105,90,25,25,50,325
99,kingler,キングラー,Kingler,Kingler,Krabboss,Water,,,,,13,600,98,,,,,55,130,115,50,50,75,475
100,voltorb,ビリリダマ,Voltorb,Voltobal,Voltorbe,Electric,,,,,5,104,,101,1,,30,40,30,50,55,55,100,330
101,electrode,キャタピー,Electrode,Lektrobal,Électrode,Electric,,,,,12,666,100,,,,,60,50,70,80,80,150,490
102,exeggcute,タマタマ,Exeggcute,Owei,Noeunoeuf,Grass,Psychic,,,,4,25,,103,3,85,,60,40,80,60,45,40,325
103,exeggutor,ナッシー,Exeggutor,Kokowei,Noadkoko,Grass,Psychic,,,,20,1200,102,,,,,95,95,85,125,75,55,530
104,cubone,カラカラ,Cubone,Tragosso,Osselait,Ground,,,,,4,65,,105,1,,28,50,50,95,40,50,35,320
105,marowak,ガラガラ,Marowak,Knogga,Ossatueur,Ground,,,,,10,450,104,,,,,60,80,110,50,80,45,425
106,hitmonlee,サワムラー,Hitmonlee,Kicklee,Kicklee,Fighting,,,,,15,498,236,,,,,50,120,53,35,110,87,455
107,hitmonchan,エビワラー,Hitmonchan,Nockchan,Tygnon,Fighting,,,,,14,502,236,,,,,50,105,79,35,110,76,455
108,lickitung,ベロリンガ,Lickitung,Schlurp,Excelangue,Normal,,,,,12,655,,463,1,,,90,55,75,60,75,30,385
109,koffing,ドガース,Koffing,Smogon,Smogo,Poison,,,,,6,10,,110,1,,35,40,65,95,60,45,35,340
110,weezing,マタドガス,Weezing,Smogmog,Smogogo,Poison,,,,,12,95,109,,,,,65,90,120,85,70,60,490
111,rhyhorn,トランセル,Rhyhorn,Rihorn,Rhinocorne,Ground,Rock,,,,10,1150,,112,1,,42,80,85,95,30,30,25,345
112,rhydon,サイドン,Rhydon,Rizeros,Rhinoféros,Ground,Rock,,,,19,1200,111,464,2,,,105,130,120,45,45,40,485
113,chansey,ラッキー,Chansey,Chaneira,Leveinard,Normal,,,,,11,346,440,242,1,,,250,5,5,35,105,50,450
114,tangela,モンジャラ,Tangela,Tangela,Saquedeneu,Grass,,,,,10,350,,465,1,,,65,55,115,100,40,60,435
115,kangaskhan,ガルーラ,Kangaskhan,Kangama,Kangourex,Normal,,,,,22,800,,,,,,105,95,80,40,80,90,490
116,horsea,タッツー,Horsea,Seeper,Hypotrempe,Water,,,,,4,80,,117,1,,32,30,40,70,70,25,60,295
117,seadra,シードラ,Seadra,Seemon,Hypocéan,Water,,,,,12,250,116,230,2,,,55,65,95,95,45,85,440
118,goldeen,トサキント,Goldeen,Goldini,Poissirène,Water,,,,,6,150,,119,1,,33,45,67,60,35,50,63,320
119,seaking,アズマオウ,Seaking,Golking,Poissoroy,Water,,,,,13,390,118,,,,,80,92,65,65,80,68,450
120,staryu,ヒトデマン,Staryu,Sterndu,Stari,Water,,,,,8,345,,121,3,84,,30,45,55,70,55,85,340
121,starmie,バタフリー,Starmie,Starmie,Staross,Water,Psychic,,,,11,800,120,,,,,60,75,85,100,85,115,520
122,mr-mime,バリヤード,Mr. Mime,Pantimos,M. Mime,Psychic,Fairy,,,,13,545,439,,,,,40,45,65,100,120,90,460
123,scyther,ストライク,Scyther,Sichlor,Insécateur,Bug,Flying,,,,15,560,,212,2,,,70,110,80,55,80,105,500
124,jynx,ルージュラ,Jynx,Rossana,Lippoutou,Ice,Psychic,,,,14,406,238,,,,,65,50,35,115,95,95,455
125,electabuzz,エレブー,Electabuzz,Elektek,Élektek,Electric,,,,,11,300,239,466,2,,,65,83,57,95,85,105,490
126,magmar,ブーバー,Magmar,Magmar,Magmar,Fire,,,,,13,445,240,467,2,,,65,95,57,100,85,93,495
127,pinsir,カイロス,Pinsir,Pinsir,Scarabrute,Bug,,,,,15,550,,,,,,65,125,100,55,70,85,500
128,tauros,ケンタロス,Tauros,Tauros,Tauros,Normal,,,,,14,884,,,,,,75,100,95,40,70,110,490
129,magikarp,コイキング,Magikarp,Karpador,Magicarpe,Water,,,,,9,100,,130,1,,20,20,10,55,15,20,80,200
130,gyarados,ギャラドス,Gyarados,Garados,Léviator,Water,Flying,,,,65,2350,129,,,,,95,125,79,60,100,81,540
131,lapras,ビードル,Lapras,Lapras,Lokhlass,Water,Ice,,,,25,2200,,,,,,130,85,80,85,95,60,535
132,ditto,メタモン,Ditto,Ditto,Métamorph,Normal,,,,,3,40,,,,,,48,48,48,48,48,48,288
133,eevee,イーブイ,Eevee,Evoli,Évoli,Normal,,,,,3,65,,134,3,84,,55,55,50,45,65,55,325
134,vaporeon,シャワーズ,Vaporeon,Aquana,Aquali,Water,,,,,10,290,133,,,,,130,65,60,110,95,65,525
135,jolteon,サンダース,Jolteon,Blitza,Voltali,Electric,,,,,8,245,133,,,,,65,65,60,110,95,130,525
136,flareon,ブースター,Flareon,Flamara,Pyroli,Fire,,,,,9,250,133,,,,,65,130,60,95,110,65,525
137,porygon,ポリゴン,Porygon,Porygon,Porygon,Normal,,,,,8,365,,233,2,,,65,60,70,85,75,40,395
138,omanyte,オムナイト,Omanyte,Amonitas,Amonita,Rock,Water,,,,4,75,,139,1,,40,35,40,100,90,55,35,355
139,omastar,オムスター,Omastar,Amoroso,Amonistar,Rock,Water,,,,10,350,138,,,,,70,60,125,115,70,55,495
140,kabuto,カブト,Kabuto,Kabuto,Kabuto,Rock,Water,,,,5,115,,141,1,,40,30,80,90,55,45,55,355
141,kabutops,コクーン,Kabutops,Kabutops,Kabutops,Rock,Water,,,,13,405,140,,,,,60,115,105,65,70,80,495
142,aerodactyl,プテラ,Aerodactyl,Aerodactyl,Ptéra,Rock,Flying,,,,18,590,,,,,,80,105,65,60,75,130,515
143,snorlax,カビゴン,Snorlax,Relaxo,Ronflex,Normal,,,,,21,4600,446,,,,,160,110,65,65,110,30,540
144,articuno,フリーザー,Articuno,Arktos,Artikodin,Ice,Flying,,1,,17,554,,,,,,90,85,100,95,125,85,580
145,zapdos,サンダー,Zapdos,Zapdos,Électhor,Electric,Flying,,1,,16,526,,,,,,90,90,85,125,90,100,580
146,moltres,ファイヤー,Moltres,Lavados,Sulfura,Fire,Flying,,1,,20,600,,,,,,90,100,90,125,85,90,580
147,dratini,ミニリュウ,Dratini,Dratini,Minidraco,Dragon,,,,,18,33,,148,1,,30,41,64,45,50,50,50,300
148,dragonair,ハクリュー,Dragonair,Dragonir,Draco,Dragon,,,,,40,165,147,149,1,,55,61,84,65,70,70,70,420
149,dragonite,カイリュー,Dragonite,Dragoran,Dracolosse,Dragon,Flying,,,,22,2100,148,,,,,91,134,95,100,100,80,600
150,mewtwo,ミュウツー,Mewtwo,Mewtu,Mewtwo,Psychic,,,1,,20,1220,,,,,,106,110,90,154,90,130,680
151,mew,スピアー,Mew,Mew,Mew,Psychic,,1,,,4,40,,,,,,100,100,100,100,100,100,600
152,chikorita,チコリータ,Chikorita,Endivie,Germignon,Grass,,,,,9,64,,153,1,,16,45,49,65,49,65,45,318
153,bayleef,ベイリーフ,Bayleef,Lorblatt,Macronium,Grass,,,,,12,158,152,154,1,,32,60,62,80,63,80,60,405
154,meganium,メガニウム,Meganium,Meganie,Méganium,Grass,,,,,18,1005,153,,,,,80,82,100,83,100,80,525
155,cyndaquil,ヒノアラシ,Cyndaquil,Feurigel,Héricendre,Fire,,,,,5,79,,156,1,,14,39,52,43,60,50,65,309
156,quilava,マグマラシ,Quilava,Igelavar,Feurisson,Fire,,,,,9,190,155,157,1,,36,58,64,58,80,65,80,405
157,typhlosion,バクフーン,Typhlosion,Tornupto,Typhlosion,Fire,,,,,17,795,156,,,,,78,84,78,109,85,100,534
158,totodile,ワニノコ,Totodile,Karnimani,Kaiminus,Water,,,,,6,95,,159,1,,18,50,65,64,44,48,43,314
159,croconaw,アリゲイツ,Croconaw,Tyracroc,Crocrodil,Water,,,,,11,250,158,160,1,,30,65,80,80,59,63,58,405
160,feraligatr,オーダイル,Feraligatr,Impergator,Aligatueur,Water,,,,,23,888,159,,,,,85,105,100,79,83,78,530
161,sentret,ポッポ,Sentret,Wiesor,Fouinette,Normal,,,,,8,60,,162,1,,15,35,46,34,35,45,20,215
162,furret,オオタチ,Furret,Wiesenior,Fouinar,Normal,,,,,18,325,161,,,,,85,76,64,45,55,90,415
163,hoothoot,ホーホー,Hoothoot,Hoothoot,Hoothoot,Normal,Flying,,,,7,212,,164,1,,20,60,30,30,36,56,50,262
164,noctowl,ヨルノズク,Noctowl,Noctuh,Noarfang,Normal,Flying,,,,16,408,163,,,,,100,50,50,86,96,70,452
165,ledyba,レディバ,Ledyba,Ledyba,Coxy,Bug,Flying,,,,10,108,,166,1,,18,40,20,30,40,80,55,265
166,ledian,レディアン,Ledian,Ledian,Coxyclaque,Bug,Flying,,,,14,356,165,,,,,55,35,50,55,110,85,390
167,spinarak,イトマル,Spinarak,Webarak,Mimigal,Bug,Poison,,,,5,85,,168,1,,22,40,60,40,40,40,30,250
168,ariados,アリアドス,Ariados,Ariados,Migalos,Bug,Poison,,,,11,335,167,,,,,70,90,70,60,70,40,400
169,crobat,クロバット,Crobat,Iksbat,Nostenfer,Poison,Flying,,,,18,750,42,,,,,85,90,80,70,80,130,535
170,chinchou,チョンチー,Chinchou,Lampi,Loupio,Water,Electric,,,,5,120,,171,1,,27,75,38,38,56,56,67,330
171,lanturn,ピジョン,Lanturn,Lanturn,Lanturn,Water,Electric,,,,12,225,170,,,,,125,58,58,76,76,67,460
172,pichu,ピチュー,Pichu,Pichu,Pichu,Electric,,,,,3,20,,25,1,,,20,40,15,35,35,60,205
173,cleffa,ピィ,Cleffa,Pii,Mélo,Fairy,,,,,3,30,,35,1,,,50,25,28,45,55,15,218
174,igglybuff,ププリン,Igglybuff,Fluffeluff,Toudoudou,Normal,Fairy,,,,3,10,,39,1,,,90,30,15,40,20,15,210
175,togepi,トゲピー,Togepi,Togepi,Togepi,Fairy,,,,,3,15,,176,1,,,35,20,65,40,65,20,245
176,togetic,トゲチック,Togetic,Togetic,Togetic,Fairy,Flying,,,,6,32,175,468,3,107,,55,40,85,80,105,40,405
177,natu,ネイティ,Natu,Natu,Natu,Psychic,Flying,,,,2,20,,178,1,,25,40,50,45,70,45,70,320
178,xatu,ネイティオ,Xatu,Xatu,Xatu,Psychic,Flying,,,,15,150,177,,,,,65,75,70,95,70,95,470
179,mareep,メリープ,Mareep,Voltilamm,Wattouat,Electric,,,,,6,78,,180,1,,15,55,40,40,65,45,35,280
180,flaaffy,モココ,Flaaffy,Waaty,Lainergie,Electric,,,,,8,133,179,181,1,,30,70,55,55,80,60,45,365
181,ampharos,ピジョット,Ampharos,Ampharos,Pharamp,Electric,,,,,14,615,180,,,,,90,75,85,115,90,55,510
182,bellossom,キレイハナ,Bellossom,Blubella,Joliflor,Grass,,,,,4,58,44,,,,,75,80,95,90,100,50,490
183,marill,マリル,Marill,Marill,Marill,Water,Fairy,,,,4,85,298,184,1,,18,70,20,50,20,50,40,250
184,azumarill,マリルリ,Azumarill,Azumarill,Azumarill,Water,Fairy,,,,8,285,183,,,,,100,50,80,60,80,50,420
185,sudowoodo,ウソッキー,Sudowoodo,Mogelbaum,Simularbre,Rock,,,,,12,380,438,,,,,70,100,115,30,65,30,410
186,politoed,ニョロトノ,Politoed,Quaxo,Tarpaud,Water,,,,,11,339,61,,,,,90,75,75,90,100,70,500
187,hoppip,ハネッコ,Hoppip,Hoppspross,Granivol,Grass,Flying,,,,4,5,,188,1,,18,35,35,40,35,55,50,250
188,skiploom,ポポッコ,Skiploom,Hubelupf,Floravol,Grass,Flying,,,,6,10,187,189,1,,27,55,45,50,45,65,80,340
189,jumpluff,ワタッコ,Jumpluff,Papungha,Cotovol,Grass,Flying,,,,8,30,188,,,,,75,55,70,55,95,110,460
190,aipom,エイパム,Aipom,Griffel,Capumain,Normal,,,,,8,115,,424,1,,,55,70,55,40,55,85,360
191,sunkern,コラッタ,Sunkern,Sonnkern,Tournegrin,Grass,,,,,3,18,,192,3,80,,30,30,30,30,30,30,180
192,sunflora,キマワリ,Sunflora,Sonnflora,Héliatronc,Grass,,,,,8,85,191,,,,,75,75,55,105,85,30,425
193,yanma,ヤンヤンマ,Yanma,Yanma,Yanma,Bug,Flying,,,,12,380,,469,1,,,65,65,45,75,45,95,390
194,wooper,ウパー,Wooper,Felino,Axoloto,Water,Ground,,,,4,85,,195,1,,20,55,45,45,25,25,15,210
195,quagsire,ヌオー,Quagsire,Morlord,Maraiste,Water,Ground,,,,14,750,194,,,,,95,85,85,65,65,35,430
196,espeon,エーフィ,Espeon,Psiana,Mentali,Psychic,,,,,9,265,133,,,,,65,65,60,130,95,110,525
197,umbreon,ブラッキー,Umbreon,Nachtara,Noctali,Dark,,,,,10,270,133,,,,,95,65,110,60,130,65,525
198,murkrow,ヤミカラス,Murkrow,Kramurx,Cornèbre,Dark,Flying,,,,5,21,,430,3,108,,60,85,42,85,42,91,405
199,slowking,ヤドキング,Slowking,Laschoking,Roigada,Water,Psychic,,,,20,795,79,,,,,95,75,80,100,110,30,490
200,misdreavus,ムウマ,Misdreavus,Traunfugil,Feuforêve,Ghost,,,,,7,10,,429,3,108,,60,60,60,85,85,85,435
201,unown,ラッタ,Unown,Icognito,Zarbi,Psychic,,,,,5,50,,,,,,48,72,48,72,48,48,336
202,wobbuffet,ソーナンス,Wobbuffet,Woingenau,Qulbutoké,Psychic,,,,,13,285,360,,,,,190,33,58,33,58,33,405
203,girafarig,キリンリキ,Girafarig,Girafarig,Girafarig,Normal,Psychic,,,,15,415,,,,,,70,80,65,90,65,85,455
204,pineco,クヌギダマ,Pineco,Tannza,Pomdepik,Bug,,,,,6,72,,205,1,,31,50,65,90,35,35,15,290
205,forretress,フォレトス,Forretress,Forstellka,Foretress,Bug,Steel,,,,12,1258,204,,,,,75,90,140,60,60,40,465
206,dunsparce,ノコッチ,Dunsparce,Dummisel,Insolourdo,Normal,,,,,15,140,,,,,,100,70,70,65,65,45,415
207,gligar,グライガー,Gligar,Skorgla,Scorplane,Ground,Flying,,,,11,648,,472,1,,,65,75,105,35,65,85,430
208,steelix,ハガネール,Steelix,Stahlos,Steelix,Steel,Ground,,,,92,4000,95,,,,,75,85,200,55,65,30,510
209,snubbull,ブルー,Snubbull,Snubbull,Snubbull,Fairy,,,,,6,78,,210,1,,23,60,80,50,40,40,30,300
210,granbull,グランブル,Granbull,Granbull,Granbull,Fairy,,,,,14,487,209,,,,,90,120,75,60,60,45,450
211,qwilfish,オニスズメ,Qwilfish,Baldorfish,Qwilfish,Water,Poison,,,,5,39,,,,,,65,95,85,55,55,85,440
212,scizor,ハッサム,Scizor,Scherox,Cizayox,Bug,Steel,,,,18,1180,123,,,,,70,130,100,55,80,65,500
213,shuckle,ツボツボ,Shuckle,Pottrott,Caratroc,Bug,Rock,,,,6,205,,,,,,20,10,230,10,230,5,505
214,heracross,ヘラクロス,Heracross,Skaraborn,Scarhino,Bug,Fighting,,,,15,540,,,,,,80,125,75,40,95,85,500
215,sneasel,ニューラ,Sneasel,Sniebel,Farfuret,Dark,Ice,,,,9,280,,461,1,,,55,95,55,35,75,115,430
216,teddiursa,ヒメグマ,Teddiursa,Teddiursa,Teddiursa,Normal,,,,,6,88,,217,1,,30,60,80,50,50,50,40,330
217,ursaring,リングマ,Ursaring,Ursaring,Ursaring,Normal,,,,,18,1258,216,,,,,90,130,75,75,75,55,500
218,slugma,マグマッグ,Slugma,Schneckmag,Limagma,Fire,,,,,7,350,,219,1,,38,40,40,40,70,40,20,250
219,magcargo,マグカルゴ,Magcargo,Magcargo,Volcaropod,Fire,Rock,,,,8,550,218,,,,,60,50,120,90,80,30,430
220,swinub,ウリムー,Swinub,Quiekel,Marcacrin,Ice,Ground,,,,4,65,,221,1,,33,50,50,40,30,30,50,250
221,piloswine,オニドリル,Piloswine,Keifel,Cochignon,Ice,Ground,,,,11,558,220,473,1,,,100,100,80,60,60,50,450
222,corsola,サニーゴ,Corsola,Corasonn,Corayon,Water,Rock,,,,6,50,,,,,,65,55,95,65,95,35,410
223,remoraid,テッポウオ,Remoraid,Remoraid,Rémoraid,Water,,,,,6,120,,224,1,,25,35,65,35,65,35,65,300
224,octillery,オクタン,Octillery,Octillery,Octillery,Water,,,,,9,285,223,,,,,75,105,75,105,75,45,480
225,delibird,デリバード,Delibird,Botogel,Cadoizo,Ice,Flying,,,,9,160,,,,,,45,55,45,65,45,75,330
226,mantine,マンタイン,Mantine,Mantax,Démanta,Water,Flying,,,,21,2200,458,,,,,85,40,70,80,140,70,485
227,skarmory,エアームド,Skarmory,Panzaeron,Airmure,Steel,Flying,,,,17,505,,,,,,65,80,140,40,70,70,465
228,houndour,デルビル,Houndour,Hunduster,Malosse,Dark,Fire,,,,6,108,,229,1,,24,45,60,30,80,50,65,330
229,houndoom,ヘルガー,Houndoom,Hundemon,Démolosse,Dark,Fire,,,,14,350,228,,,,,75,90,50,110,80,95,500
230,kingdra,キングドラ,Kingdra,Seedraking,Hyporoi,Water,Dragon,,,,18,1520,117,,,,,75,95,95,95,95,85,540
231,phanpy,アーボ,Phanpy,Phanpy,Phanpy,Ground,,,,,5,335,,232,1,,25,90,60,60,40,40,40,330
232,donphan,ドンファン,Donphan,Donphan,Donphan,Ground,,,,,11,1200,231,,,,,90,120,120,60,60,50,500
233,porygon2,ポリゴン２,Porygon2,Porygon2,Porygon2,Normal,,,,,6,325,137,474,2,,,85,80,90,105,95,60,515
234,stantler,オドシシ,Stantler,Damhirplex,Cerfrousse,Normal,,,,,14,712,,,,,,73,95,62,85,65,85,465
235,smeargle,ドーブル,Smeargle,Farbeagle,Queulorior,Normal,,,,,12,580,,,,,,55,20,35,20,45,75,250
236,tyrogue,バルキー,Tyrogue,Rabauz,Debugant,Fighting,,,,,7,210,,106,1,,20,35,35,35,35,35,35,210
237,hitmontop,カポエラー,Hitmontop,Kapoera,Kapoera,Fighting,,,,,14,480,236,,,,,50,95,95,35,110,70,455
238,smoochum,ムチュール,Smoochum,Kussilla,Lippouti,Ice,Psychic,,,,4,60,,124,1,,30,45,30,15,85,65,65,305
239,elekid,エレキッド,Elekid,Elekid,Élekid,Electric,,,,,6,235,,125,1,,30,45,63,37,65,55,95,360
240,magby,ブビィ,Magby,Magby,Magby,Fire,,,,,7,214,,126,1,,30,45,75,37,70,55,83,365
241,miltank,アーボック,Miltank,Miltank,Écrémeuh,Normal,,,,,12,755,,,,,,95,80,105,40,70,100,490
242,blissey,ハピナス,Blissey,Heiteira,Leuphorie,Normal,,,,,15,468,113,,,,,255,10,10,75,135,55,540
243,raikou,ライコウ,Raikou,Raikou,Raikou,Electric,,,1,,19,1780,,,,,,90,85,75,115,100,115,580
244,entei,エンテイ,Entei,Entei,Entei,Fire,,,1,,21,1980,,,,,,115,115,85,90,75,100,580
245,suicune,スイクン,Suicune,Suicune,Suicune,Water,,,1,,20,1870,,,,,,100,75,115,90,115,85,580
246,larvitar,ヨーギラス,Larvitar,Larvitar,Embrylex,Rock,Ground,,,,6,720,,247,1,,30,50,64,50,45,50,41,300
247,pupitar,サナギラス,Pupitar,Pupitar,Ymphect,Rock,Ground,,,,12,1520,246,248,1,,55,70,84,70,65,70,51,410
248,tyranitar,バンギラス,Tyranitar,Despotar,Tyranocif,Rock,Dark,,,,20,2020,247,,,,,100,134,110,95,100,61,600
249,lugia,ルギア,Lugia,Lugia,Lugia,Psychic,Flying,,1,,52,2160,,,,,,106,90,130,90,154,110,680
250,ho-oh,ホウオウ,Ho-Oh,Ho-Oh,Ho-Oh,Fire,Flying,,1,,38,1990,,,,,,106,130,90,110,154,90,680
251,celebi,ピカチュウ,Celebi,Celebi,Celebi,Psychic,Grass,1,,,6,50,,,,,,100,100,100,100,100,100,600
252,treecko,キモリ,Treecko,Geckarbor,Arcko,Grass,,,,,5,50,,253,1,,16,40,45,35,65,55,70,310
253,grovyle,ジュプトル,Grovyle,Reptain,Massko,Grass,,,,,9,216,252,254,1,,36,50,65,45,85,65,95,405
254,sceptile,ジュカイン,Sceptile,Gewaldro,Jungko,Grass,,,,,17,522,253,,,,,70,85,65,105,85,120,530
255,torchic,アチャモ,Torchic,Flemmli,Poussifeu,Fire,,,,,4,25,,256,1,,16,45,60,40,70,50,45,310
256,combusken,ワカシャモ,Combusken,Jungglut,Galifeu,Fire,Fighting,,,,9,195,255,257,1,,36,60,85,60,85,60,55,405
257,blaziken,バシャーモ,Blaziken,Lohgock,Braségali,Fire,Fighting,,,,19,520,256,,,,,80,120,70,110,70,80,530
258,mudkip,ミズゴロウ,Mudkip,Hydropi,Gobou,Water,,,,,4,76,,259,1,,16,50,70,50,50,50,40,310
259,marshtomp,ヌマクロー,Marshtomp,Moorabbel,Flobio,Water,Ground,,,,7,280,258,260,1,,36,70,85,70,60,70,50,405
260,swampert,ラグラージ,Swampert,Sumpex,Laggron,Water,Ground,,,,15,819,259,,,,,100,110,90,85,90,60,535
261,poochyena,ライチュウ,Poochyena,Fiffyen,Medhyèna,Dark,,,,,5,136,,262,1,,18,35,55,35,30,30,35,220
262,mightyena,グラエナ,Mightyena,Magnayen,Grahyèna,Dark,,,,,10,370,261,,,,,70,90,70,60,60,70,420
263,zigzagoon,ジグザグマ,Zigzagoon,Zigzachs,Zigzaton,Normal,,,,,4,175,,264,1,,20,38,30,41,30,41,60,240
264,linoone,マッスグマ,Linoone,Geradaks,Linéon,Normal,,,,,5,325,263,,,,,78,70,61,50,61,100,420
265,wurmple,ケムッソ,Wurmple,Waumpel,Chenipotte,Bug,,,,,3,36,,266,1,,7,45,45,35,20,30,20,195
266,silcoon,カラサリス,Silcoon,Schaloko,Armulys,Bug,,,,,6,100,265,267,1,,10,50,35,55,25,25,15,205
267,beautifly,アゲハント,Beautifly,Papinella,Charmillon,Bug,Flying,,,,10,284,266,,,,,60,70,50,100,50,65,395
268,cascoon,マユルド,Cascoon,Panekon,Blindalys,Bug,,,,,7,115,265,269,1,,10,50,35,55,25,25,15,205
269,dustox,ドクケイル,Dustox,Pudox,Papinox,Bug,Poison,,,,12,316,268,,,,,60,50,70,50,90,65,385
270,lotad,ハスボー,Lotad,Loturzel,Nénupiot,Water,Grass,,,,5,26,,271,1,,14,40,30,30,40,50,30,220
271,lombre,サンド,Lombre,Lombrero,Lombre,Water,Grass,,,,12,325,270,272,3,84,,60,50,50,60,70,50,340
272,ludicolo,ルンパッパ,Ludicolo,Kappalores,Ludicolo,Water,Grass,,,,15,550,271,,,,,80,70,70,90,100,70,480
273,seedot,タネボー,Seedot,Samurzel,Grainipiot,Grass,,,,,5,40,,274,1,,14,40,40,50,30,30,30,220
274,nuzleaf,コノハナ,Nuzleaf,Blanas,Pifeuil,Grass,Dark,,,,10,280,273,275,3,85,,70,70,40,60,40,60,340
275,shiftry,ダーテング,Shiftry,Tengulist,Tengalice,Grass,Dark,,,,13,596,274,,,,,90,100,60,90,60,80,480
276,taillow,スバメ,Taillow,Schwalbini,Nirondelle,Normal,Flying,,,,3,23,,277,1,,22,40,55,30,30,30,85,270
277,swellow,オオスバメ,Swellow,Schwalboss,Hélédelle,Normal,Flying,,,,7,198,276,,,,,60,85,60,75,50,125,455
278,wingull,キャモメ,Wingull,Wingull,Goélise,Water,Flying,,,,6,95,,279,1,,25,40,30,30,55,30,85,270
279,pelipper,ペリッパー,Pelipper,Pelipper,Bekipan,Water,Flying,,,,12,280,278,,,,,60,50,100,95,70,65,440
280,ralts,ラルトス,Ralts,Trasla,Tarsal,Psychic,Fairy,,,,4,66,,281,1,,20,28,25,25,45,35,40,198
281,kirlia,サンドパン,Kirlia,Kirlia,Kirlia,Psychic,Fairy,,,,8,202,280,282,1,,30,38,35,35,65,55,50,278
282,gardevoir,サーナイト,Gardevoir,Guardevoir,Gardevoir,Psychic,Fairy,,,,16,484,281,,,,,68,65,65,125,115,80,518
283,surskit,アメタマ,Surskit,Gehweiher,Arakdo,Bug,Water,,,,5,17,,284,1,,22,40,30,32,50,52,65,269
284,masquerain,アメモース,Masquerain,Maskeregen,Maskadra,Bug,Flying,,,,8,36,283,,,,,70,60,62,100,82,80,454
285,shroomish,キノココ,Shroomish,Knilz,Balignon,Grass,,,,,4,45,,286,1,,23,60,40,60,40,60,35,295
286,breloom,キノガッサ,Breloom,Kapilz,Chapignon,Grass,Fighting,,,,12,392,285,,,,,60,130,80,60,60,70,460
287,slakoth,ナマケロ,Slakoth,Bummelz,Parecool,Normal,,,,,8,240,,288,1,,18,60,60,60,35,35,30,280
288,vigoroth,ヤルキモノ,Vigoroth,Muntier,Vigoroth,Normal,,,,,14,465,287,289,1,,36,80,80,80,55,55,90,440
289,slaking,ケッキング,Slaking,Letarking,Monaflèmit,Normal,,,,,20,1305,288,,,,,150,160,100,95,65,100,670
290,nincada,ツチニン,Nincada,Nincada,Ningale,Bug,Ground,,,,5,55,,291,1,,20,31,45,90,30,30,40,266
291,ninjask,ニドラン♀,Ninjask,Ninjask,Ninjask,Bug,Flying,,,,8,120,290,,,,,61,90,45,50,50,160,456
292,shedinja,ヌケニン,Shedinja,Ninjatom,Munja,Bug,Ghost,,,,8,12,290,,,,,1,90,45,30,30,40,236
293,whismur,ゴニョニョ,Whismur,Flurmel,Chuchmur,Normal,,,,,6,163,,294,1,,20,64,51,23,51,23,28,240
294,loudred,ドゴーム,Loudred,Krakeelo,Ramboum,Normal,,,,,10,405,293,295,1,,40,84,71,43,71,43,48,360
295,exploud,バクオング,Exploud,Krawumms,Brouhabam,Normal,,,,,15,840,294,,,,,104,91,63,91,73,68,490
296,makuhita,マクノシタ,Makuhita,Makuhita,Makuhita,Fighting,,,,,10,864,,297,1,,24,72,60,30,20,30,25,237
297,hariyama,ハリテヤマ,Hariyama,Hariyama,Hariyama,Fighting,,,,,23,2538,296,,,,,144,120,60,40,60,50,474
298,azurill,ルリリ,Azurill,Azurill,Azurill,Normal,Fairy,,,,2,20,,183,1,,,50,20,40,20,40,20,190
299,nosepass,ノズパス,Nosepass,Nasgnet,Tarinor,Rock,,,,,10,970,,476,1,,,30,45,135,45,90,30,375
300,skitty,エネコ,Skitty,Eneco,Skitty,Normal,,,,,6,110,,301,3,81,,50,45,45,35,35,50,260
301,delcatty,ニドリーナ,Delcatty,Enekoro,Delcatty,Normal,,,,,11,326,300,,,,,70,65,65,55,55,90,400
302,sableye,ヤミラミ,Sableye,Zobiris,Ténéfix,Dark,Ghost,,,,5,110,,,,,,50,75,75,65,65,50,380
303,mawile,クチート,Mawile,Flunkifer,Mysdibule,Steel,Fairy,,,,6,115,,,,,,50,85,85,55,55,50,380
304,aron,ココドラ,Aron,Stollunior,Galekid,Steel,Rock,,,,4,600,,305,1,,32,50,70,100,40,40,30,330
305,lairon,コドラ,Lairon,Stollrak,Galegon,Steel,Rock,,,,9,1200,304,306,1,,42,60,90,140,50,50,40,430
306,aggron,ボスゴドラ,Aggron,Stolloss,Galeking,Steel,Rock,,,,21,3600,305,,,,,70,110,180,60,60,50,530
307,meditite,アサナン,Meditite,Meditie,Méditikka,Fighting,Psychic,,,,6,112,,308,1,,37,30,40,55,40,55,60,280
308,medicham,チャーレム,Medicham,Meditalis,Charmina,Fighting,Psychic,,,,13,315,307,,,,,60,60,75,60,75,80,410
309,electrike,ラクライ,Electrike,Frizelbliz,Dynavolt,Electric,,,,,6,152,,310,1,,26,40,45,40,65,40,65,295
310,manectric,ライボルト,Manectric,Voltenso,Élecsprint,Electric,,,,,15,402,309,,,,,70,75,60,105,60,105,475
311,plusle,ニドクイン,Plusle,Plusle,Posipi,Electric,,,,,4,42,,,,,,60,50,40,85,75,95,405
312,minun,マイナン,Minun,Minun,Négapi,Electric,,,,,4,42,,,,,,60,40,50,75,85,95,405
313,volbeat,バルビート,Volbeat,Volbeat,Muciole,Bug,,,,,7,177,,,,,,65,73,75,47,85,85,430
314,illumise,イルミーゼ,Illumise,Illumise,Lumivole,Bug,,,,,6,177,,,,,,65,47,75,73,85,85,430
315,roselia,ロゼリア,Roselia,Roselia,Rosélia,Grass,Poison,,,,3,20,406,407,3,107,,50,60,45,100,80,65,400
316,gulpin,ゴクリン,Gulpin,Schluppuck,Gloupti,Poison,,,,,4,103,,317,1,,26,70,43,53,43,53,40,302
317,swalot,マルノーム,Swalot,Schlukwech,Avaltout,Poison,,,,,17,800,316,,,,,100,73,83,73,83,55,467
318,carvanha,キバニア,Carvanha,Kanivanha,Carvanha,Water,Dark,,,,8,208,,319,1,,30,45,90,20,65,20,65,305
319,sharpedo,サメハダー,Sharpedo,Tohaido,Sharpedo,Water,Dark,,,,18,888,318,,,,,70,120,40,95,40,95,460
320,wailmer,ホエルコ,Wailmer,Wailmer,Wailmer,Water,,,,,20,1300,,321,1,,40,130,70,35,70,35,60,400
321,wailord,ニドラン♂,Wailord,Wailord,Wailord,Water,,,,,145,3980,320,,,,,170,90,45,90,45,60,500
322,numel,ドンメル,Numel,Camaub,Chamallot,Fire,Ground,,,,7,240,,323,1,,33,60,60,40,65,45,35,305
323,camerupt,バクーダ,Camerupt,Camerupt,Camérupt,Fire,Ground,,,,19,2200,322,,,,,70,100,70,105,75,40,460
324,torkoal,コータス,Torkoal,Qurtel,Chartor,Fire,,,,,5,804,,,,,,70,85,140,85,70,20,470
325,spoink,バネブー,Spoink,Spoink,Spoink,Psychic,,,,,7,306,,326,1,,32,60,25,35,70,80,60,330
326,grumpig,ブーピッグ,Grumpig,Groink,Groret,Psychic,,,,,9,715,325,,,,,80,45,65,90,110,80,470
327,spinda,パッチール,Spinda,Pandir,Spinda,Normal,,,,,11,50,,,,,,60,60,60,60,60,60,360
328,trapinch,ナックラー,Trapinch,Knacklion,Kraknoix,Ground,,,,,7,150,,329,1,,35,45,100,45,45,45,10,290
329,vibrava,ビブラーバ,Vibrava,Vibrava,Vibraninf,Ground,Dragon,,,,11,153,328,330,1,,45,50,70,50,50,50,70,340
330,flygon,フライゴン,Flygon,Libelldra,Libégon,Ground,Dragon,,,,20,820,329,,,,,80,100,80,80,80,100,520
331,cacnea,ニドリーノ,Cacnea,Tuska,Cacnea,Grass,,,,,4,513,,332,1,,32,50,85,40,85,40,35,335
332,cacturne,ノクタス,Cacturne,Noktuska,Cacturne,Grass,Dark,,,,13,774,331,,,,,70,115,60,115,60,55,475
333,swablu,チルット,Swablu,Wablu,Tylton,Normal,Flying,,,,4,12,,334,1,,35,45,40,60,40,75,50,310
334,altaria,チルタリス,Altaria,Altaria,Altaria,Dragon,Flying,,,,11,206,333,,,,,75,70,90,70,105,80,490
335,zangoose,ザングース,Zangoose,Sengo,Mangriff,Normal,,,,,13,403,,,,,,73,115,60,60,60,90,458
336,seviper,ハブネーク,Seviper,Vipitis,Séviper,Poison,,,,,27,525,,,,,,73,100,60,100,60,65,458
337,lunatone,ルナトーン,Lunatone,Lunastein,Séléroc,Rock,Psychic,,,,10,1680,,,,,,90,55,65,95,85,70,460
338,solrock,ソルロック,Solrock,Sonnfel,Solaroc,Rock,Psychic,,,,12,1540,,,,,,90,95,85,55,65,70,460
339,barboach,ドジョッチ,Barboach,Schmerbe,Barloche,Water,Ground,,,,4,19,,340,1,,30,50,48,43,46,41,60,288
340,whiscash,ナマズン,Whiscash,Welsar,Barbicha,Water,Ground,,,,9,236,339,,,,,110,78,73,76,71,60,468
341,corphish,ニドキング,Corphish,Krebscorps,Écrapince,Water,,,,,6,115,,342,1,,30,43,80,65,50,35,35,308
342,crawdaunt,シザリガー,Crawdaunt,Krebutack,Colhomard,Water,Dark,,,,11,328,341,,,,,63,120,85,90,55,55,468
343,baltoy,ヤジロン,Baltoy,Puppance,Balbuto,Ground,Psychic,,,,5,215,,344,1,,36,40,40,55,40,70,55,300
344,claydol,ネンドール,Claydol,Lepumentas,Kaorine,Ground,Psychic,,,,15,1080,343,,,,,60,70,105,70,120,75,500
345,lileep,リリーラ,Lileep,Liliep,Lilia,Rock,Grass,,,,10,238,,346,1,,40,66,41,77,61,87,23,355
346,cradily,ユレイドル,Cradily,Wielie,Vacilys,Rock,Grass,,,,15,604,345,,,,,86,81,97,81,107,43,495
347,anorith,アノプス,Anorith,Anorith,Anorith,Rock,Bug,,,,7,125,,348,1,,40,45,95,50,40,50,75,355
348,armaldo,アーマルド,Armaldo,Armaldo,Armaldo,Rock,Bug,,,,15,682,347,,,,,75,125,100,70,80,45,495
349,feebas,ヒンバス,Feebas,Barschwa,Barpau,Water,,,,,6,74,,350,1,,,20,15,20,10,55,80,200
350,milotic,ミロカロス,Milotic,Milotic,Milobellus,Water,,,,,62,1620,349,,,,,95,60,79,100,125,81,540
351,castform,ピッピ,Castform,Formeo,Morphéo,Normal,,,,,3,8,,,,,,70,70,70,70,70,70,420
352,kecleon,カクレオン,Kecleon,Kecleon,Kecleon,Normal,,,,,10,220,,,,,,60,90,70,60,120,40,440
353,shuppet,カゲボウズ,Shuppet,Shuppet,Polichombr,Ghost,,,,,6,23,,354,1,,37,44,75,35,63,33,45,295
354,banette,ジュペッタ,Banette,Banette,Branette,Ghost,,,,,11,125,353,,,,,64,115,65,83,63,65,455
355,duskull,ヨマワル,Duskull,Zwirrlicht,Skelénox,Ghost,,,,,8,150,,356,1,,37,20,40,90,30,90,25,295
356,dusclops,サマヨール,Dusclops,Zwirrklop,Téraclope,Ghost,,,,,16,306,355,477,2,,,40,70,130,60,130,25,455
357,tropius,トロピウス,Tropius,Tropius,Tropius,Grass,Flying,,,,20,1000,,,,,,99,68,83,72,87,51,460
358,chimecho,チリーン,Chimecho,Palimpalim,Éoko,Psychic,,,,,6,10,433,,,,,75,50,80,95,90,65,455
359,absol,アブソル,Absol,Absol,Absol,Dark,,,,,12,470,,,,,,65,130,60,75,60,75,465
360,wynaut,ソーナノ,Wynaut,Isso,Okéoké,Psychic,,,,,6,140,,202,1,,15,95,23,48,23,48,23,260
361,snorunt,ピクシー,Snorunt,Schneppke,Stalgamin,Ice,,,,,7,168,,362,1,,42,50,50,50,50,50,50,300
362,glalie,オニゴーリ,Glalie,Firnontor,Oniglali,Ice,,,,,15,2565,361,,,,,80,80,80,80,80,80,480
363,spheal,タマザラシ,Spheal,Seemops,Obalie,Ice,Water,,,,8,395,,364,1,,32,70,40,50,55,50,25,290
364,sealeo,トドグラー,Sealeo,Seejong,Phogleur,Ice,Water,,,,11,876,363,365,1,,44,90,60,70,75,70,45,410
365,walrein,トドゼルガ,Walrein,Walraisa,Kaimorse,Ice,Water,,,,14,1506,364,,,,,110,80,90,95,90,65,530
366,clamperl,パールル,Clamperl,Perlu,Coquiperl,Water,,,,,4,525,,367,2,,,35,64,85,74,55,32,345
367,huntail,ハンテール,Huntail,Aalabyss,Serpang,Water,,,,,17,270,366,,,,,55,104,105,94,75,52,485
368,gorebyss,サクラビス,Gorebyss,Saganabyss,Rosabyss,Water,,,,,18,226,366,,,,,55,84,105,114,75,52,485
369,relicanth,ジーランス,Relicanth,Relicanth,Relicanth,Water,Rock,,,,10,234,,,,,,100,90,130,45,65,55,485
370,luvdisc,ラブカス,Luvdisc,Liebiskus,Lovdisc,Water,,,,,6,87,,,,,,43,30,55,40,65,97,330
371,bagon,ロコン,Bagon,Kindwurm,Draby,Dragon,,,,,6,421,,372,1,,30,45,75,60,40,30,50,300
372,shelgon,コモルー,Shelgon,Draschel,Drackhaus,Dragon,,,,,11,1105,371,373,1,,50,65,95,100,60,50,50,420
373,salamence,ボーマンダ,Salamence,Brutalanda,Drattak,Dragon,Flying,,,,15,1026,372,,,,,95,135,80,110,80,100,600
374,beldum,ダンバル,Beldum,Tanhel,Terhal,Steel,Psychic,,,,6,952,,375,1,,20,40,55,80,35,60,30,300
375,metang,メタング,Metang,Metang,Métang,Steel,Psychic,,,,12,2025,374,376,1,,45,60,75,100,55,80,50,420
376,metagross,メタグロス,Metagross,Metagross,Métalosse,Steel,Psychic,,,,16,5500,375,,,,,80,135,130,95,90,70,600
377,regirock,レジロック,Regirock,Regirock,Regirock,Rock,,,1,,17,2300,,,,,,80,100,200,50,100,50,580
378,regice,レジアイス,Regice,Regice,Regice,Ice,,,1,,18,1750,,,,,,80,50,100,100,200,50,580
379,registeel,レジスチル,Registeel,Registeel,Registeel,Steel,,,1,,19,2050,,,,,,80,75,150,75,150,50,580
380,latias,ラティアス,Latias,Latias,Latias,Dragon,Psychic,,1,,14,400,,,,,,80,80,90,110,130,110,600
381,latios,キュウコン,Latios,Latios,Latios,Dragon,Psychic,,1,,20,600,,,,,,80,90,80,130,110,110,600
382,kyogre,カイオーガ,Kyogre,Kyogre,Kyogre,Water,,,1,,45,3520,,,,,,100,100,90,150,140,90,670
383,groudon,グラードン,Groudon,Groudon,Groudon,Ground,,,1,,35,9500,,,,,,100,150,140,100,90,90,670
384,rayquaza,レックウザ,Rayquaza,Rayquaza,Rayquaza,Dragon,Flying,,1,,70,2065,,,,,,105,150,90,150,90,95,680
385,jirachi,ジラーチ,Jirachi,Jirachi,Jirachi,Steel,Psychic,1,,,3,11,,,,,,100,100,100,100,100,100,600
386,deoxys,デオキシス,Deoxys,Deoxys,Deoxys,Psychic,,1,,,17,608,,,,,,50,150,50,150,50,150,600
387,turtwig,ナエトル,Turtwig,Chelast,Tortipouss,Grass,,,,,4,102,,388,1,,18,55,68,64,45,55,31,318
388,grotle,ハヤシガメ,Grotle,Chelcarain,Boskara,Grass,,,,,11,970,387,389,1,,32,75,89,85,55,65,36,405
389,torterra,ドダイトス,Torterra,Chelterrar,Torterra,Grass,Ground,,,,22,3100,388,,,,,95,109,105,75,85,56,525
390,chimchar,ヒコザル,Chimchar,Panflam,Ouisticram,Fire,,,,,5,62,,391,1,,14,44,58,44,58,44,61,309
391,monferno,プリン,Monferno,Panpyro,Chimpenfeu,Fire,Fighting,,,,9,220,390,392,1,,36,64,78,52,78,52,81,405
392,infernape,ゴウカザル,Infernape,Panferno,Simiabraz,Fire,Fighting,,,,12,550,391,,,,,76,104,71,104,71,108,534
393,piplup,ポッチャマ,Piplup,Plinfa,Tiplouf,Water,,,,,4,52,,394,1,,16,53,51,53,61,56,40,314
394,prinplup,ポッタイシ,Prinplup,Pliprin,Prinplouf,Water,,,,,8,230,393,395,1,,36,64,66,68,81,76,50,405
395,empoleon,エンペルト,Empoleon,Impoleon,Pingoléon,Water,Steel,,,,17,845,394,,,,,84,86,88,111,101,60,530
396,starly,ムックル,Starly,Staralili,Étourmi,Normal,Flying,,,,3,20,,397,1,,14,40,55,30,30,30,60,245
397,staravia,ムクバード,Staravia,Staravia,Étourvol,Normal,Flying,,,,6,155,396,398,1,,34,55,75,50,40,40,80,340
398,staraptor,ムクホーク,Staraptor,Staraptor,Étouraptor,Normal,Flying,,,,12,249,397,,,,,85,120,70,50,60,100,485
399,bidoof,ビッパ,Bidoof,Bidiza,Keunotor,Normal,,,,,5,200,,400,1,,15,59,45,40,35,40,31,250
400,bibarel,ビーダル,Bibarel,Bidifas,Castorno,Normal,Water,,,,10,315,399,,,,,79,85,60,55,60,71,410
401,kricketot,プクリン,Kricketot,Zirpurze,Crikzik,Bug,,,,,3,22,,402,1,,10,37,25,41,25,41,25,194
402,kricketune,コロトック,Kricketune,Zirpeise,Mélokrik,Bug,,,,,10,255,401,,,,,77,85,51,55,51,65,384
403,shinx,コリンク,Shinx,Sheinux,Lixy,Electric,,,,,5,95,,404,1,,15,45,65,34,40,34,45,263
404,luxio,ルクシオ,Luxio,Luxio,Luxio,Electric,,,,,9,305,403,405,1,,30,60,85,49,60,49,60,363
405,luxray,レントラー,Luxray,Luxtra,Luxray,Electric,,,,,14,420,404,,,,,80,120,79,95,79,70,523
406,budew,スボミー,Budew,Knospi,Rozbouton,Grass,Poison,,,,2,12,,315,1,,,40,30,35,50,70,55,280
407,roserade,ロズレイド,Roserade,Roserade,Roserade,Grass,Poison,,,,9,145,315,,,,,60,70,65,125,105,90,515
408,cranidos,ズガイドス,Cranidos,Koknodon,Kranidos,Rock,,,,,9,315,,409,1,,30,67,125,40,30,30,58,350
409,rampardos,ラムパルド,Rampardos,Rameidon,Charkos,Rock,,,,,16,1025,408,,,,,97,165,60,65,50,58,495
410,shieldon,タテトプス,Shieldon,Schilterus,Dinoclier,Rock,Steel,,,,5,570,,411,1,,30,30,42,118,42,88,30,350
411,bastiodon,ズバット,Bastiodon,Bollterus,Bastiodon,Rock,Steel,,,,13,1495,410,,,,,60,52,168,47,138,30,495
412,burmy,ミノムッチ,Burmy,Burmy,Cheniti,Bug,,,,,2,34,,413,1,,20,40,29,45,29,45,36,224
413,wormadam,ミノマダム,Wormadam,Burmadame,Cheniselle,Bug,Grass,,,,5,65,412,,,,,60,59,85,79,105,36,424
414,mothim,ガーメイル,Mothim,Moterpel,Papilord,Bug,Flying,,,,9,233,412,,,,,70,94,50,94,50,66,424
415,combee,ミツハニー,Combee,Wadribie,Apitrini,Bug,Flying,,,,3,55,,416,1,,21,30,30,42,30,42,70,244
416,vespiquen,ビークイン,Vespiquen,Honweisel,Apireine,Bug,Flying,,,,12,385,415,,,,,70,80,102,80,102,40,474
417,pachirisu,パチリス,Pachirisu,Pachirisu,Pachirisu,Electric,,,,,4,39,,,,,,60,45,70,45,90,95,405
418,buizel,ブイゼル,Buizel,Bamelin,Mustébouée,Water,,,,,7,295,,419,1,,26,55,65,35,60,30,85,330
419,floatzel,フローゼル,Floatzel,Bojelin,Mustéflott,Water,,,,,11,335,418,,,,,85,105,55,85,50,115,495
420,cherubi,チェリンボ,Cherubi,Kikugi,Ceribou,Grass,,,,,4,33,,421,1,,25,45,35,45,62,53,35,275
421,cherrim,ゴルバット,Cherrim,Kinoso,Ceriflor,Grass,,,,,5,93,420,,,,,70,60,70,87,78,85,450
422,shellos,カラナクシ,Shellos,Schalellos,Sancoki,Water,,,,,3,63,,423,1,,30,76,48,48,57,62,34,325
423,gastrodon,トリトドン,Gastrodon,Gastrodon,Tritosor,Water,Ground,,,,9,299,422,,,,,111,83,68,92,82,39,475
424,ambipom,エテボース,Ambipom,Ambidiffel,Capidextre,Normal,,,,,12,203,190,,,,,75,100,66,60,66,115,482
425,drifloon,フワンテ,Drifloon,Driftlon,Baudrive,Ghost,Flying,,,,4,12,,426,1,,28,90,50,34,60,44,70,348
426,drifblim,フワライド,Drifblim,Drifzepeli,Grodrive,Ghost,Flying,,,,12,150,425,,,,,150,80,44,90,54,80,498
427,buneary,ミミロル,Buneary,Haspiror,Laporeille,Normal,,,,,4,55,,428,1,,,55,66,44,44,56,85,350
428,lopunny,ミミロップ,Lopunny,Schlapor,Lockpin,Normal,,,,,12,333,427,,,,,65,76,84,54,96,105,480
429,mismagius,ムウマージ,Mismagius,Traunmagil,Magirêve,Ghost,,,,,9,44,200,,,,,60,60,60,105,105,105,495
430,honchkrow,ドンカラス,Honchkrow,Kramshef,Corboss,Dark,Flying,,,,9,273,198,,,,,100,125,52,105,52,71,505
431,glameow,ナゾノクサ,Glameow,Charmian,Chaglam,Normal,,,,,5,39,,432,1,,38,49,55,42,42,37,85,310
432,purugly,ブニャット,Purugly,Shnurgarst,Chaffreux,Normal,,,,,10,438,431,,,,,71,82,64,64,59,112,452
433,chingling,リーシャン,Chingling,Klingplim,Korillon,Psychic,,,,,2,6,,358,1,,,45,30,50,65,50,45,285
434,stunky,スカンプー,Stunky,Skunkapuh,Moufouette,Poison,Dark,,,,4,192,,435,1,,34,63,63,47,41,41,74,329
435,skuntank,スカタンク,Skuntank,Skuntank,Moufflair,Poison,Dark,,,,10,380,434,,,,,103,93,67,71,61,84,479
436,bronzor,ドーミラー,Bronzor,Bronzel,Archéomire,Steel,Psychic,,,,5,605,,437,1,,33,57,24,86,24,86,23,300
437,bronzong,ドータクン,Bronzong,Bronzong,Archéodong,Steel,Psychic,,,,13,1870,436,,,,,67,89,116,79,116,33,500
438,bonsly,ウソハチ,Bonsly,Mobai,Manzaï,Rock,,,,,5,150,,185,1,,,50,80,95,10,45,10,290
439,mime-jr,マネネ,Mime Jr.,Pantimimi,Mime Jr.,Psychic,Fairy,,,,6,130,,122,1,,,20,25,45,70,90,60,310
440,happiny,ピンプク,Happiny,Wonneira,Ptiravi,Normal,,,,,6,244,,113,1,,,100,5,5,15,65,30,220
441,chatot,クサイハナ,Chatot,Plaudagei,Pijako,Normal,Flying,,,,5,19,,,,,,76,65,45,92,42,91,411
442,spiritomb,ミカルゲ,Spiritomb,Kryppuk,Spiritomb,Ghost,Dark,,,,10,1080,,,,,,50,92,108,92,108,35,485
443,gible,フカマル,Gible,Kaumalat,Griknot,Dragon,Ground,,,,7,205,,444,1,,24,58,70,45,40,45,42,300
444,gabite,ガバイト,Gabite,Knarksel,Carmache,Dragon,Ground,,,,14,560,443,445,1,,48,68,90,65,50,55,82,410
445,garchomp,ガブリアス,Garchomp,Knakrack,Carchacrok,Dragon,Ground,,,,19,950,444,,,,,108,130,95,80,85,102,600
446,munchlax,ゴンベ,Munchlax,Mampfaxo,Goinfrex,Normal,,,,,6,1050,,143,1,,,135,85,40,40,85,5,390
447,riolu,リオル,Riolu,Riolu,Riolu,Fighting,,,,,7,202,,448,1,,,40,70,40,35,40,60,285
448,lucario,ルカリオ,Lucario,Lucario,Lucario,Fighting,Steel,,,,12,540,447,,,,,70,110,70,115,70,90,525
449,hippopotas,ヒポポタス,Hippopotas,Hippopotas,Hippopotas,Ground,,,,,8,495,,450,1,,34,68,72,78,38,42,32,330
450,hippowdon,カバルドン,Hippowdon,Hippoterus,Hippodocus,Ground,,,,,20,3000,449,,,,,108,112,118,68,72,47,525
451,skorupi,ラフレシア,Skorupi,Pionskora,Rapion,Poison,Bug,,,,8,120,,452,1,,40,40,50,90,30,55,65,330
452,drapion,ドラピオン,Drapion,Piondragi,Drascore,Poison,Dark,,,,13,615,451,,,,,70,90,110,60,75,95,500
453,croagunk,グレッグル,Croagunk,Glibunkel,Cradopaud,Poison,Fighting,,,,7,230,,454,1,,37,48,61,40,61,40,50,300
454,toxicroak,ドクロッグ,Toxicroak,Toxiquak,Coatox,Poison,Fighting,,,,13,444,453,,,,,83,106,65,86,65,85,490
455,carnivine,マスキッパ,Carnivine,Venuflibis,Vortente,Grass,,,,,14,270,,,,,,74,100,72,90,72,46,454
456,finneon,ケイコウオ,Finneon,Finneon,Écayon,Water,,,,,4,70,,457,1,,31,49,49,56,49,61,66,330
457,lumineon,ネオラント,Lumineon,Lumineon,Luminéon,Water,,,,,12,240,456,,,,,69,69,76,69,86,91,460
458,mantyke,タマンタ,Mantyke,Mantirps,Babimanta,Water,Flying,,,,10,650,,226,1,,,45,20,50,60,120,50,345
459,snover,ユキカブリ,Snover,Shnebedeck,Blizzi,Grass,Ice,,,,10,505,,460,1,,40,60,62,50,62,60,40,334
460,abomasnow,ユキノオー,Abomasnow,Rexblisar,Blizzaroi,Grass,Ice,,,,22,1355,459,,,,,90,92,75,92,85,60,494
461,weavile,パラス,Weavile,Snibunna,Dimoret,Dark,Ice,,,,11,340,215,,,,,70,120,65,45,85,125,510
462,magnezone,ジバコイル,Magnezone,Magnezone,Magnézone,Electric,Steel,,,,12,1800,82,,,,,70,70,115,130,90,60,535
463,lickilicky,ベロベルト,Lickilicky,Schlurplek,Coudlangue,Normal,,,,,17,1400,108,,,,,110,85,95,80,95,50,515
464,rhyperior,ドサイドン,Rhyperior,Rihornior,Rhinastoc,Ground,Rock,,,,24,2828,112,,,,,115,140,130,55,55,40,535
465,tangrowth,モジャンボ,Tangrowth,Tangoloss,Bouldeneu,Grass,,,,,20,1286,114,,,,,100,100,125,110,50,50,535
466,electivire,エレキブル,Electivire,Elevoltek,Élekable,Electric,,,,,18,1386,125,,,,,75,123,67,95,85,95,540
467,magmortar,ブーバーン,Magmortar,Magbrant,Maganon,Fire,,,,,16,680,126,,,,,75,95,67,125,95,83,540
468,togekiss,トゲキッス,Togekiss,Togekiss,Togekiss,Fairy,Flying,,,,15,380,176,,,,,85,50,95,120,115,80,545
469,yanmega,メガヤンマ,Yanmega,Yanmega,Yanmega,Bug,Flying,,,,19,515,193,,,,,86,76,86,116,56,95,515
470,leafeon,リーフィア,Leafeon,Folipurba,Phyllali,Grass,,,,,10,255,133,,,,,65,110,130,60,65,95,525
471,glaceon,パラセクト,Glaceon,Glaziola,Givrali,Ice,,,,,8,259,133,,,,,65,60,110,130,95,65,525
472,gliscor,グライオン,Gliscor,Skorgro,Scorvol,Ground,Flying,,,,20,425,207,,,,,75,95,125,45,75,95,510
473,mamoswine,マンムー,Mamoswine,Mamutel,Mammochon,Ice,Ground,,,,25,2910,221,,,,,110,130,80,70,60,80,530
474,porygon-z,ポリゴンＺ,Porygon-Z,Porygon-Z,Porygon-Z,Normal,,,,,9,340,233,,,,,85,80,70,135,75,90,535
475,gallade,エルレイド,Gallade,Galagladi,Gallame,Psychic,Fighting,,,,16,520,281,,,,,68,125,65,65,115,80,518
476,probopass,ダイノーズ,Probopass,Voluminas,Tarinorme,Rock,Steel,,,,14,3400,299,,,,,60,55,145,75,150,40,525
477,dusknoir,ヨノワール,Dusknoir,Zwirrfinst,Noctunoir,Ghost,,,,,22,1066,356,,,,,45,100,135,65,135,45,525
478,froslass,ユキメノコ,Froslass,Frosdedje,Momartik,Ice,Ghost,,,,13,266,361,,,,,70,80,70,80,70,110,480
479,rotom,ロトム,Rotom,Rotom,Motisma,Electric,Ghost,,,,3,3,,,,,,50,50,77,95,77,91,440
480,uxie,ユクシー,Uxie,Selfe,Créhelf,Psychic,,,1,,3,3,,,,,,75,75,130,75,130,95,580
481,mesprit,コンパン,Mesprit,Vesprit,Créfollet,Psychic,,,1,,3,3,,,,,,80,105,105,105,105,80,580
482,azelf,アグノム,Azelf,Tobutz,Créfadet,Psychic,,,1,,3,3,,,,,,75,125,70,125,70,115,580
483,dialga,ディアルガ,Dialga,Dialga,Dialga,Steel,Dragon,,1,,54,6830,,,,,,100,120,120,150,100,90,680
484,palkia,パルキア,Palkia,Palkia,Palkia,Water,Dragon,,1,,42,3360,,,,,,90,120,100,150,120,100,680
485,heatran,ヒードラン,Heatran,Heatran,Heatran,Fire,Steel,,1,,17,4300,,,,,,91,90,106,130,106,77,600
486,regigigas,レジギガス,Regigigas,Regigigas,Regigigas,Normal,,,1,,37,4200,,,,,,110,160,110,80,110,100,670
487,giratina,ギラティナ,Giratina,Giratina,Giratina,Ghost,Dragon,,1,,45,7500,,,,,,150,100,120,100,120,90,680
488,cresselia,クレセリア,Cresselia,Cresselia,Cresselia,Psychic,,,1,,15,856,,,,,,120,70,120,75,130,85,600
489,phione,フィオネ,Phione,Phione,Phione,Water,,1,,,4,31,,,,,,80,80,80,80,80,80,480
490,manaphy,マナフィ,Manaphy,Manaphy,Manaphy,Water,,1,,,3,14,,,,,,100,100,100,100,100,100,600
491,darkrai,モルフォン,Darkrai,Darkrai,Darkrai,Dark,,1,,,15,505,,,,,,70,90,90,135,90,125,600
492,shaymin,シェイミ,Shaymin,Shaymin,Shaymin,Grass,,1,,,2,21,,,,,,100,100,100,100,100,100,600
493,arceus,アルセウス,Arceus,Arceus,Arceus,Normal,,1,,,32,3200,,,,,,120,120,120,120,120,120,720
494,victini,ビクティニ,Victini,Victini,Victini,Psychic,Fire,1,,,4,40,,,,,,100,100,100,100,100,100,600
495,snivy,ツタージャ,Snivy,Serpifeu,Vipélierre,Grass,,,,,6,81,,496,1,,17,45,45,55,45,55,63,308
496,servine,ジャノビー,Servine,Efoserp,Lianaja,Grass,,,,,8,160,495,497,1,,36,60,60,75,60,75,83,413
497,serperior,ジャローダ,Serperior,Serpiroyal,Majaspic,Grass,,,,,33,630,496,,,,,75,75,95,75,95,113,528
498,tepig,ポカブ,Tepig,Floink,Gruikui,Fire,,,,,5,99,,499,1,,17,65,63,45,45,45,45,308
499,pignite,チャオブー,Pignite,Ferkokel,Grotichon,Fire,Fighting,,,,10,555,498,500,1,,36,90,93,55,70,55,55,418
500,emboar,エンブオー,Emboar,Flambirex,Roitiflam,Fire,Fighting,,,,16,1500,499,,,,,110,123,65,100,65,65,528
501,oshawott,ディグダ,Oshawott,Ottaro,Moustillon,Water,,,,,5,59,,502,1,,17,55,55,45,63,45,45,308
502,dewott,フタチマル,Dewott,Zwottronin,Mateloutre,Water,,,,,8,245,501,503,1,,36,75,75,60,83,60,60,413
503,samurott,ダイケンキ,Samurott,Admurai,Clamiral,Water,,,,,15,946,502,,,,,95,100,85,108,70,70,528
504,patrat,ミネズミ,Patrat,Nagelotz,Ratentif,Normal,,,,,5,116,,505,1,,20,45,55,39,35,39,42,255
505,watchog,ミルホッグ,Watchog,Kukmarda,Miradar,Normal,,,,,11,270,504,,,,,60,85,69,60,69,77,420
506,lillipup,ヨーテリー,Lillipup,Yorkleff,Ponchiot,Normal,,,,,4,41,,507,1,,16,45,60,45,25,45,55,275
507,herdier,ハーデリア,Herdier,Terribark,Ponchien,Normal,,,,,9,147,506,508,1,,32,65,80,65,35,65,60,370
508,stoutland,ムーランド,Stoutland,Bissbark,Mastouffe,Normal,,,,,12,610,507,,,,,85,110,90,45,90,80,500
509,purrloin,チョロネコ,Purrloin,Felilou,Chacripan,Dark,,,,,4,101,,510,1,,20,41,50,37,50,37,66,281
510,liepard,レパルダス,Liepard,Kleoparda,Léopardus,Dark,,,,,11,375,509,,,,,64,88,50,88,50,106,446
511,pansage,ダグトリオ,Pansage,Vegimak,Feuillajou,Grass,,,,,6,105,,512,3,85,,50,53,48,53,48,64,316
512,simisage,ヤナッキー,Simisage,Vegichita,Feuiloutan,Grass,,,,,11,305,511,,,,,75,98,63,98,63,101,498
513,pansear,バオップ,Pansear,Grillmak,Flamajou,Fire,,,,,6,110,,514,3,82,,50,53,48,53,48,64,316
514,simisear,バオッキー,Simisear,Grillchita,Flamoutan,Fire,,,,,10,280,513,,,,,75,98,63,98,63,101,498
515,panpour,ヒヤップ,Panpour,Sodamak,Flotajou,Water,,,,,6,135,,516,3,84,,50,53,48,53,48,64,316
516,simipour,ヒヤッキー,Simipour,Sodachita,Flotoutan,Water,,,,,10,290,515,,,,,75,98,63,98,63,101,498
517,munna,ムンナ,Munna,Somniam,Munna,Psychic,,,,,6,233,,518,3,81,,76,25,45,67,55,24,292
518,musharna,ムシャーナ,Musharna,Somnivora,Mushana,Psychic,,,,,11,605,517,,,,,116,55,85,107,95,29,487
519,pidove,マメパト,Pidove,Dusselgurr,Poichigeon,Normal,Flying,,,,3,21,,520,1,,21,50,55,50,36,30,43,264
520,tranquill,ハトーボー,Tranquill,Navitaub,Colombeau,Normal,Flying,,,,6,150,519,521,1,,32,62,77,62,50,42,65,358
521,unfezant,ニャース,Unfezant,Fasasnob,Déflaisan,Normal,Flying,,,,12,290,520,,,,,80,115,80,65,55,93,488
522,blitzle,シママ,Blitzle,Elezeba,Zébibron,Electric,,,,,8,298,,523,1,,27,45,60,32,50,32,76,295
523,zebstrika,ゼブライカ,Zebstrika,Zebritz,Zéblitz,Electric,,,,,16,795,522,,,,,75,100,63,80,63,116,497
524,roggenrola,ダンゴロ,Roggenrola,Kiesling,Nodulithe,Rock,,,,,4,180,,525,1,,25,55,75,85,25,25,15,280
525,boldore,ガントル,Boldore,Sedimantur,Géolithe,Rock,,,,,9,1020,524,526,2,,,70,105,105,50,40,20,390
526,gigalith,ギガイアス,Gigalith,Brockoloss,Gigalithe,Rock,,,,,17,2600,525,,,,,85,135,130,60,80,25,515
527,woobat,コロモリ,Woobat,Fleknoil,Chovsourir,Psychic,Flying,,,,4,21,,528,1,,,65,45,43,55,43,72,323
528,swoobat,ココロモリ,Swoobat,Fletiamo,Rhinolove,Psychic,Flying,,,,9,105,527,,,,,67,57,55,77,55,114,425
529,drilbur,モグリュー,Drilbur,Rotomurf,Rototaupe,Ground,,,,,3,85,,530,1,,31,60,85,40,30,45,68,328
530,excadrill,ドリュウズ,Excadrill,Stalobor,Minotaupe,Ground,Steel,,,,7,404,529,,,,,110,135,60,50,65,88,508
531,audino,ペルシアン,Audino,Ohrdoch,Nanméouïe,Normal,,,,,11,310,,,,,,103,60,86,60,86,50,445
532,timburr,ドッコラー,Timburr,Praktibalk,Charpenti,Fighting,,,,,6,125,,533,1,,25,75,80,55,25,35,35,305
533,gurdurr,ドテッコツ,Gurdurr,Strepoli,Ouvrifier,Fighting,,,,,12,400,532,534,2,,,85,105,85,40,50,40,405
534,conkeldurr,ローブシン,Conkeldurr,Meistagrif,Bétochef,Fighting,,,,,14,870,533,,,,,105,140,95,55,65,45,505
535,tympole,オタマロ,Tympole,Schallquap,Tritonde,Water,,,,,5,45,,536,1,,25,50,50,40,50,40,64,294
536,palpitoad,ガマガル,Palpitoad,Mebrana,Batracné,Water,Ground,,,,8,170,535,537,1,,36,75,65,55,65,55,69,384
537,seismitoad,ガマゲロゲ,Seismitoad,Branawarz,Crapustule,Water,Ground,,,,15,620,536,,,,,105,95,75,85,75,74,509
538,throh,ナゲキ,Throh,Jiutesto,Judokrak,Fighting,,,,,13,555,,,,,,120,100,85,30,85,45,465
539,sawk,ダゲキ,Sawk,Karadonis,Karaclée,Fighting,,,,,14,510,,,,,,75,125,75,30,75,85,465
540,sewaddle,クルミル,Sewaddle,Strawickl,Larveyette,Bug,Grass,,,,3,25,,541,1,,20,45,53,70,40,60,42,310
541,swadloon,コダック,Swadloon,Folikon,Couverdure,Bug,Grass,,,,5,73,540,542,1,,,55,63,90,50,80,42,380
542,leavanny,ハハコモリ,Leavanny,Matrifol,Manternel,Bug,Grass,,,,12,205,541,,,,,75,103,80,70,80,92,500
543,venipede,フシデ,Venipede,Toxiped,Venipatte,Bug,Poison,,,,4,53,,544,1,,22,30,45,59,30,39,57,260
544,whirlipede,ホイーガ,Whirlipede,Rollum,Scobolide,Bug,Poison,,,,12,585,543,545,1,,30,40,55,99,40,79,47,360
545,scolipede,ペンドラー,Scolipede,Cerapendra,Brutapode,Bug,Poison,,,,25,2005,544,,,,,60,100,89,55,69,112,485
546,cottonee,モンメン,Cottonee,Waumboll,Doudouvet,Grass,Fairy,,,,3,6,,547,3,80,,40,27,60,37,50,66,280
547,whimsicott,エルフーン,Whimsicott,Elfun,Farfaduvet,Grass,Fairy,,,,7,66,546,,,,,60,67,85,77,75,116,480
548,petilil,チュリネ,Petilil,Lilminip,Chlorobule,Grass,,,,,5,66,,549,3,80,,45,35,50,70,50,30,280
549,lilligant,ドレディア,Lilligant,Dressella,Fragilady,Grass,,,,,11,163,548,,,,,70,60,75,110,75,90,480
550,basculin,バスラオ,Basculin,Barschuft,Bargantua,Water,,,,,10,180,,,,,,70,92,65,80,55,98,460
551,sandile,ゴルダック,Sandile,Ganovil,Mascaïman,Ground,Dark,,,,7,152,,552,1,,29,50,72,35,35,35,65,292
552,krokorok,ワルビル,Krokorok,Rokkaiman,Escroco,Ground,Dark,,,,10,334,551,553,1,,40,60,82,45,45,45,74,351
553,krookodile,ワルビアル,Krookodile,Rabigator,Crocorible,Ground,Dark,,,,15,963,552,,,,,95,117,80,65,70,92,519
554,darumaka,ダルマッカ,Darumaka,Flampion,Darumarond,Fire,,,,,6,375,,555,1,,35,70,90,45,15,45,50,315
555,darmanitan,ヒヒダルマ,Darmanitan,Flampivian,Darumacho,Fire,,,,,13,929,554,,,,,105,140,55,30,55,95,480
556,maractus,マラカッチ,Maractus,Maracamba,Maracachi,Grass,,,,,10,280,,,,,,75,86,67,106,67,60,461
557,dwebble,イシズマイ,Dwebble,Lithomith,Crabicoque,Bug,Rock,,,,3,145,,558,1,,34,50,65,85,35,35,55,325
558,crustle,イワパレス,Crustle,Castellith,Crabaraque,Bug,Rock,,,,14,2000,557,,,,,70,105,125,65,75,45,485
559,scraggy,ズルッグ,Scraggy,Zurrokex,Baggiguane,Dark,Fighting,,,,6,118,,560,1,,39,50,75,70,35,70,48,348
560,scrafty,ズルズキン,Scrafty,Irokex,Baggaïd,Dark,Fighting,,,,11,300,559,,,,,65,90,115,45,115,58,488
561,sigilyph,マンキー,Sigilyph,Symvolara,Cryptéro,Psychic,Flying,,,,14,140,,,,,,72,58,80,103,80,97,490
562,yamask,デスマス,Yamask,Makabaja,Tutafeh,Ghost,,,,,5,15,,563,1,,34,38,30,85,55,65,30,303
563,cofagrigus,デスカーン,Cofagrigus,Echnatoll,Tutankafer,Ghost,,,,,17,765,562,,,,,58,50,145,95,105,30,483
564,tirtouga,プロトーガ,Tirtouga,Galapaflos,Carapagos,Water,Rock,,,,7,165,,565,1,,37,54,78,103,53,45,22,355
565,carracosta,アバゴーラ,Carracosta,Karippas,Mégapagos,Water,Rock,,,,12,810,564,,,,,74,108,133,83,65,32,495
566,archen,アーケン,Archen,Flapteryx,Arkéapti,Rock,Flying,,,,5,95,,567,1,,37,55,112,45,74,45,70,401
567,archeops,アーケオス,Archeops,Aeropteryx,Aéroptéryx,Rock,Flying,,,,14,320,566,,,,,75,140,65,112,65,110,567
568,trubbish,ヤブクロン,Trubbish,Unratütox,Miamiasme,Poison,,,,,6,310,,569,1,,36,50,50,62,40,62,65,329
569,garbodor,ダストダス,Garbodor,Deponitox,Miasmax,Poison,,,,,19,1073,568,,,,,80,95,82,60,82,75,474
570,zorua,ゾロア,Zorua,Zorua,Zorua,Dark,,,,,7,125,,571,1,,30,40,65,40,80,40,65,330
571,zoroark,オコリザル,Zoroark,Zoroark,Zoroark,Dark,,,,,16,811,570,,,,,60,105,60,120,60,105,510
572,minccino,チラーミィ,Minccino,Picochilla,Chinchidou,Normal,,,,,4,58,,573,3,107,,55,50,40,40,40,75,300
573,cinccino,チラチーノ,Cinccino,Chillabell,Pashmilla,Normal,,,,,5,75,572,,,,,75,95,60,65,60,115,470
574,gothita,ゴチム,Gothita,Mollimorba,Scrutella,Psychic,,,,,4,58,,575,1,,32,45,30,50,55,65,45,290
575,gothorita,ゴチミル,Gothorita,Hypnomorba,Mesmérella,Psychic,,,,,7,180,574,576,1,,41,60,45,70,75,85,55,390
576,gothitelle,ゴチルゼル,Gothitelle,Morbitesse,Sidérella,Psychic,,,,,15,440,575,,,,,70,55,95,95,110,65,490
577,solosis,ユニラン,Solosis,Monozyto,Nucléos,Psychic,,,,,3,10,,578,1,,32,45,30,40,105,50,20,290
578,duosion,ダブラン,Duosion,Mitodos,Méios,Psychic,,,,,6,80,577,579,1,,41,65,40,50,125,60,30,370
579,reuniclus,ランクルス,Reuniclus,Zytomega,Symbios,Psychic,,,,,10,201,578,,,,,110,65,75,125,85,30,490
580,ducklett,コアルヒー,Ducklett,Piccolente,Couaneton,Water,Flying,,,,5,55,,581,1,,35,62,44,50,44,50,55,305
581,swanna,ガーディ,Swanna,Swaroness,Lakmécygne,Water,Flying,,,,13,242,580,,,,,75,87,63,87,63,98,473
582,vanillite,バニプッチ,Vanillite,Gelatini,Sorbébé,Ice,,,,,4,57,,583,1,,35,36,50,50,65,60,44,305
583,vanillish,バニリッチ,Vanillish,Gelatroppo,Sorboul,Ice,,,,,11,410,582,584,1,,47,51,65,65,80,75,59,395
584,vanilluxe,バイバニラ,Vanilluxe,Gelatwino,Sorbouboul,Ice,,,,,13,575,583,,,,,71,95,85,110,95,79,535
585,deerling,シキジカ,Deerling,Sesokitz,Vivaldaim,Normal,Grass,,,,6,195,,586,1,,34,60,60,50,40,50,75,335
586,sawsbuck,メブキジカ,Sawsbuck,Kronjuwild,Haydaim,Normal,Grass,,,,19,925,585,,,,,80,100,70,60,70,95,475
587,emolga,エモンガ,Emolga,Emolga,Emolga,Electric,Flying,,,,4,50,,,,,,55,75,60,75,60,103,428
588,karrablast,カブルモ,Karrablast,Laukaps,Carabing,Bug,,,,,5,59,,589,2,,,50,75,45,40,45,60,315
589,escavalier,シュバルゴ,Escavalier,Cavalanzas,Lançargot,Bug,Steel,,,,10,330,588,,,,,70,135,105,60,105,20,495
590,foongus,タマゲタケ,Foongus,Tarnpignon,Trompignon,Grass,Poison,,,,2,10,,591,1,,39,69,55,45,55,55,15,294
591,amoonguss,ウインディ,Amoonguss,Hutsassa,Gaulet,Grass,Poison,,,,6,105,590,,,,,114,85,70,85,80,30,464
592,frillish,プルリル,Frillish,Quabbel,Viskuse,Water,Ghost,,,,12,330,,593,1,,40,55,40,50,65,85,40,335
593,jellicent,ブルンゲル,Jellicent,Apoquallyp,Moyade,Water,Ghost,,,,22,1350,592,,,,,100,60,70,85,105,60,480
594,alomomola,ママンボウ,Alomomola,Mamolida,Mamanbo,Water,,,,,12,316,,,,,,165,75,80,40,45,65,470
595,joltik,バチュル,Joltik,Wattzapf,Statitik,Bug,Electric,,,,1,6,,596,1,,36,50,47,50,57,50,65,319
596,galvantula,デンチュラ,Galvantula,Voltula,Mygavolt,Bug,Electric,,,,8,143,595,,,,,70,77,60,97,60,108,472
597,ferroseed,テッシード,Ferroseed,Kastadur,Grindur,Grass,Steel,,,,6,188,,598,1,,40,44,50,91,24,86,10,305
598,ferrothorn,ナットレイ,Ferrothorn,Tentantel,Noacier,Grass,Steel,,,,10,1100,597,,,,,74,94,131,54,116,20,489
599,klink,ギアル,Klink,Klikk,Tic,Steel,,,,,3,210,,600,1,,38,40,55,70,45,60,30,300
600,klang,ギギアル,Klang,Kliklak,Clic,Steel,,,,,6,510,599,601,1,,49,60,80,95,70,85,50,440
601,klinklang,ニョロモ,Klinklang,Klikdiklak,Cliticlic,Steel,,,,,6,810,600,,,,,60,100,115,70,85,90,520
602,tynamo,シビシラス,Tynamo,Zapplardin,Anchwatt,Electric,,,,,2,3,,603,1,,39,35,55,40,45,40,60,275
603,eelektrik,シビビール,Eelektrik,Zapplalek,Lampéroie,Electric,,,,,12,220,602,604,3,83,,65,85,70,75,70,40,405
604,eelektross,シビルドン,Eelektross,Zapplarang,Ohmassacre,Electric,,,,,21,805,603,,,,,85,115,80,105,80,50,515
605,elgyem,リグレー,Elgyem,Pygraulon,Lewsor,Psychic,,,,,5,90,,606,1,,42,55,55,55,85,55,30,335
606,beheeyem,オーベム,Beheeyem,Megalon,Neitram,Psychic,,,,,10,345,605,,,,,75,75,75,125,95,40,485
607,litwick,ヒトモシ,Litwick,Lichtel,Funécire,Ghost,Fire,,,,3,31,,608,1,,41,50,30,55,65,55,20,275
608,lampent,ランプラー,Lampent,Laternecto,Mélancolux,Ghost,Fire,,,,6,130,607,609,3,108,,60,40,60,95,60,55,370
609,chandelure,シャンデラ,Chandelure,Skelabra,Lugulabre,Ghost,Fire,,,,10,343,608,,,,,60,55,90,145,90,80,520
610,axew,キバゴ,Axew,Milza,Coupenotte,Dragon,,,,,6,180,,611,1,,38,46,87,60,30,40,57,320
611,fraxure,ニョロゾ,Fraxure,Sharfax,Incisache,Dragon,,,,,10,360,610,612,1,,48,66,117,70,40,50,67,410
612,haxorus,オノノクス,Haxorus,Maxax,Tranchodon,Dragon,,,,,18,1055,611,,,,,76,147,90,60,70,97,540
613,cubchoo,クマシュン,Cubchoo,Petznief,Polarhume,Ice,,,,,5,85,,614,1,,37,55,70,40,60,40,40,305
614,beartic,ツンベアー,Beartic,Siberio,Polagriffe,Ice,,,,,26,2600,613,,,,,95,130,80,70,80,50,505
615,cryogonal,フリージオ,Cryogonal,Frigometri,Hexagel,Ice,,,,,11,1480,,,,,,80,50,50,95,135,105,515
616,shelmet,チョボマキ,Shelmet,Schnuthelm,Escargaume,Bug,,,,,4,77,,617,2,,,50,40,85,40,65,25,305
617,accelgor,アギルダー,Accelgor,Hydragil,Limaspeed,Bug,,,,,8,253,616,,,,,80,70,40,100,60,145,495
618,stunfisk,マッギョ,Stunfisk,Flunschlik,Limonde,Ground,Electric,,,,7,110,,,,,,109,66,84,81,99,32,471
619,mienfoo,コジョフー,Mienfoo,Lin-Fu,Kungfouine,Fighting,,,,,9,200,,620,1,,50,45,85,50,55,50,65,350
620,mienshao,コジョンド,Mienshao,Wie-Shu,Shaofouine,Fighting,,,,,14,355,619,,,,,65,125,60,95,60,105,510
621,druddigon,ニョロボン,Druddigon,Shardrago,Drakkarmin,Dragon,,,,,16,1390,,,,,,77,120,90,60,90,48,485
622,golett,ゴビット,Golett,Golbit,Gringolem,Ground,Ghost,,,,10,920,,623,1,,43,59,74,50,35,50,35,303
623,golurk,ゴルーグ,Golurk,Golgantes,Golemastoc,Ground,Ghost,,,,28,3300,622,,,,,89,124,80,55,80,55,483
624,pawniard,コマタナ,Pawniard,Gladiantri,Scalpion,Dark,Steel,,,,5,102,,625,1,,52,45,85,70,40,40,60,340
625,bisharp,キリキザン,Bisharp,Caesurio,Scalproie,Dark,Steel,,,,16,700,624,,,,,65,125,100,60,70,70,490
626,bouffalant,バッフロン,Bouffalant,Bisofank,Frison,Normal,,,,,16,946,,,,,,95,110,95,40,95,55,490
627,rufflet,ワシボン,Rufflet,Geronimatz,Furaiglon,Normal,Flying,,,,5,105,,628,1,,54,70,83,50,37,50,60,350
628,braviary,ウォーグル,Braviary,Washakwil,Gueriaigle,Normal,Flying,,,,15,410,627,,,,,100,123,75,57,75,80,510
629,vullaby,バルチャイ,Vullaby,Skallyk,Vostourno,Dark,Flying,,,,5,90,,630,1,,54,70,55,75,45,65,60,370
630,mandibuzz,バルジーナ,Mandibuzz,Grypheldis,Vaututrice,Dark,Flying,,,,12,395,629,,,,,110,65,105,55,95,80,510
631,heatmor,ケーシィ,Heatmor,Furnifraß,Aflamanoir,Fire,,,,,14,580,,,,,,85,97,66,105,66,65,484
632,durant,アイアント,Durant,Fermicula,Fermite,Bug,Steel,,,,3,330,,,,,,58,109,112,48,48,109,484
633,deino,モノズ,Deino,Kapuno,Solochi,Dark,Dragon,,,,8,173,,634,1,,50,52,65,50,45,50,38,300
634,zweilous,ジヘッド,Zweilous,Duodino,Diamat,Dark,Dragon,,,,14,500,633,635,1,,64,72,85,70,65,70,58,420
635,hydreigon,サザンドラ,Hydreigon,Trikephalo,Trioxhydre,Dark,Dragon,,,,18,1600,634,,,,,92,105,90,125,90,98,600
636,larvesta,メラルバ,Larvesta,Ignivor,Pyronille,Bug,Fire,,,,11,288,,637,1,,59,55,85,55,50,55,60,360
637,volcarona,ウルガモス,Volcarona,Ramoth,Pyrax,Bug,Fire,,,,16,460,636,,,,,85,60,65,135,105,100,550
638,cobalion,コバルオン,Cobalion,Kobalium,Cobaltium,Steel,Fighting,,1,,21,2500,,,,,,91,90,129,90,72,108,580
639,terrakion,テラキオン,Terrakion,Terrakium,Terrakium,Rock,Fighting,,1,,19,2600,,,,,,91,129,90,72,90,108,580
640,virizion,ビリジオン,Virizion,Viridium,Viridium,Grass,Fighting,,1,,20,2000,,,,,,91,90,72,90,129,108,580
641,tornadus,ユンゲラー,Tornadus,Boreos,Boréas,Flying,,,1,,15,630,,,,,,79,115,70,125,80,111,580
642,thundurus,ボルトロス,Thundurus,Voltolos,Fulguris,Electric,Flying,,1,,15,610,,,,,,79,115,70,125,80,111,580
643,reshiram,レシラム,Reshiram,Reshiram,Reshiram,Dragon,Fire,,1,,32,3300,,,,,,100,120,100,150,120,90,680
644,zekrom,ゼクロム,Zekrom,Zekrom,Zekrom,Dragon,Electric,,1,,29,3450,,,,,,100,150,120,120,100,90,680
645,landorus,ランドロス,Landorus,Demeteros,Démétéros,Ground,Flying,,1,,15,680,,,,,,89,125,90,115,80,101,600
646,kyurem,キュレム,Kyurem,Kyurem,Kyurem,Dragon,Ice,,1,,30,3250,,,,,,125,130,90,130,90,95,660
647,keldeo,ケルディオ,Keldeo,Keldeo,Keldeo,Water,Fighting,1,,,14,485,,,,,,91,72,90,129,90,108,580
648,meloetta,メロエッタ,Meloetta,Meloetta,Meloetta,Normal,Psychic,1,,,6,65,,,,,,100,77,77,128,128,90,600
649,genesect,ゲノセクト,Genesect,Genesect,Genesect,Bug,Steel,1,,,15,825,,,,,,71,120,95,120,95,99,600
650,chespin,ハリマロン,Chespin,Igamaro,Marisson,Grass,,,,,4,90,,651,1,,16,56,61,65,48,45,38,313
651,quilladin,フーディン,Quilladin,Igastarnish,Boguérisse,Grass,,,,,7,290,650,652,1,,36,61,78,95,56,58,57,405
652,chesnaught,ブリガロン,Chesnaught,Brigaron,Blindépique,Grass,Fighting,,,,16,900,651,,,,,88,107,122,74,75,64,530
653,fennekin,フォッコ,Fennekin,Fynx,Feunnec,Fire,,,,,4,94,,654,1,,16,40,45,40,62,60,60,307
654,braixen,テールナー,Braixen,Rutena,Roussil,Fire,,,,,10,145,653,655,1,,36,59,59,58,90,70,73,409
655,delphox,マフォクシー,Delphox,Fennexis,Goupelin,Fire,Psychic,,,,15,390,654,,,,,75,69,72,114,100,104,534
656,froakie,ケロマツ,Froakie,Froxy,Grenousse,Water,,,,,3,70,,657,1,,16,41,56,40,62,44,71,314
657,frogadier,ゲコガシラ,Frogadier,Amphizel,Croâporal,Water,,,,,6,109,656,658,1,,36,54,63,52,83,56,97,405
658,greninja,ゲッコウガ,Greninja,Quajutsu,Amphinobi,Water,Dark,,,,15,400,657,,,,,72,95,67,103,71,122,530
659,bunnelby,ホルビー,Bunnelby,Scoppel,Sapereau,Normal,,,,,4,50,,660,1,,20,38,36,38,32,36,57,237
660,diggersby,ホルード,Diggersby,Grebbit,Excavarenne,Normal,Ground,,,,10,424,659,,,,,85,56,77,50,77,78,423
661,fletchling,ワンリキー,Fletchling,Dartiri,Passerouge,Normal,Flying,,,,3,17,,662,1,,17,45,50,43,40,38,62,278
662,fletchinder,ヒノヤコマ,Fletchinder,Dartignis,Braisillon,Fire,Flying,,,,7,160,661,663,1,,35,62,73,55,56,52,84,382
663,talonflame,ファイアロー,Talonflame,Fiaro,Flambusard,Fire,Flying,,,,12,245,662,,,,,78,81,71,74,69,126,499
664,scatterbug,コフキムシ,Scatterbug,Purmel,Lépidonille,Bug,,,,,3,25,,665,1,,9,38,35,40,27,25,35,200
665,spewpa,コフーライ,Spewpa,Puponcho,Pérégrain,Bug,,,,,3,84,664,666,1,,12,45,22,60,27,30,29,213
666,vivillon,ビビヨン,Vivillon,Vivillon,Prismillon,Bug,Flying,,,,12,170,665,,,,,80,52,50,90,50,89,411
667,litleo,シシコ,Litleo,Leufeo,Hélionceau,Fire,Normal,,,,6,135,,668,1,,35,62,50,58,73,54,72,369
668,pyroar,カエンジシ,Pyroar,Pyroleo,Némélios,Fire,Normal,,,,15,815,667,,,,,86,68,72,109,66,106,507
669,flabebe,フラベベ,Flabébé,Flabébé,Flabébé,Fairy,,,,,1,1,,670,1,,19,44,38,39,61,79,42,303
670,floette,フラエッテ,Floette,Floette,Floette,Fairy,,,,,2,9,669,671,3,107,,54,45,47,75,98,52,371
671,florges,ゴーリキー,Florges,Florges,Florges,Fairy,,,,,11,100,670,,,,,78,65,68,112,154,75,552
672,skiddo,メェークル,Skiddo,Mähikel,Cabriolaine,Grass,,,,,9,310,,673,1,,32,66,65,48,62,57,52,350
673,gogoat,ゴーゴート,Gogoat,Chevrumm,Chevroum,Grass,,,,,17,910,672,,,,,123,100,62,97,81,68,531
674,pancham,ヤンチャム,Pancham,Pam-Pam,Pandespiègle,Fighting,,,,,6,80,,675,1,,32,67,82,62,46,48,43,348
675,pangoro,ゴロンダ,Pangoro,Pandagro,Pandarbare,Fighting,Dark,,,,21,1360,674,,,,,95,124,78,69,71,58,495
676,furfrou,トリミアン,Furfrou,Coiffwaff,Couafarel,Normal,,,,,12,280,,,,,,75,80,60,65,90,102,472
677,espurr,ニャスパー,Espurr,Psiau,Psystigri,Psychic,,,,,3,35,,678,1,,25,62,48,54,63,60,68,355
678,meowstic,ニャオニクス,Meowstic,Psiaugon,Mistigrix,Psychic,,,,,6,85,677,,,,,74,48,76,83,81,104,466
679,honedge,ヒトツキ,Honedge,Gramokles,Monorpale,Steel,Ghost,,,,8,20,,680,1,,35,45,80,100,35,37,28,325
680,doublade,ニダンギル,Doublade,Duokles,Dimoclès,Steel,Ghost,,,,8,45,679,681,3,108,,59,110,150,45,49,35,448
681,aegislash,カイリキー,Aegislash,Durengard,Exagide,Steel,Ghost,,,,17,530,680,,,,,60,50,150,50,150,60,520
682,spritzee,シュシュプ,Spritzee,Parfi,Fluvetin,Fairy,,,,,2,5,,683,2,,,78,52,60,63,65,23,341
683,aromatisse,フレフワン,Aromatisse,Parfinesse,Cocotine,Fairy,,,,,8,155,682,,,,,101,72,72,99,89,29,462
684,swirlix,ペロッパフ,Swirlix,Flauschling,Sucroquin,Fairy,,,,,4,35,,685,2,,,62,48,66,59,57,49,341
685,slurpuff,ペロリーム,Slurpuff,Sabbaione,Cupcanaille,Fairy,,,,,8,50,684,,,,,82,80,86,85,75,72,480
686,inkay,マーイーカ,Inkay,Iscalar,Sepiatop,Dark,Psychic,,,,4,35,,687,1,,30,53,54,53,37,46,45,288
687,malamar,カラマネロ,Malamar,Calamanero,Sepiatroce,Dark,Psychic,,,,15,470,686,,,,,86,92,88,68,75,73,482
688,binacle,カメテテ,Binacle,Bithora,Opermine,Rock,Water,,,,5,310,,689,1,,39,42,52,67,39,56,50,306
689,barbaracle,ガメノデス,Barbaracle,Thanathora,Golgopathe,Rock,Water,,,,13,960,688,,,,,72,105,115,54,86,68,500
690,skrelp,クズモー,Skrelp,Algitt,Venalgue,Poison,Water,,,,5,73,,691,1,,48,50,60,60,60,60,30,320
691,dragalge,マダツボミ,Dragalge,Tandrak,Kravarech,Poison,Dragon,,,,18,815,690,,,,,65,75,90,97,123,44,494
692,clauncher,ウデッポウ,Clauncher,Scampisto,Flingouste,Water,,,,,5,83,,693,1,,37,50,53,62,58,63,44,330
693,clawitzer,ブロスター,Clawitzer,Wummer,Gamblast,Water,,,,,13,353,692,,,,,71,73,88,120,89,59,500
694,helioptile,エリキテル,Helioptile,Eguana,Galvaran,Electric,Normal,,,,5,60,,695,3,80,,44,38,33,61,43,70,289
695,heliolisk,エレザード,Heliolisk,Elezard,Iguolta,Electric,Normal,,,,10,210,694,,,,,62,55,52,109,94,109,481
696,tyrunt,チゴラス,Tyrunt,Balgoras,Ptyranidur,Rock,Dragon,,,,8,260,,697,1,,39,58,89,77,45,45,48,362
697,tyrantrum,ガチゴラス,Tyrantrum,Monargoras,Rexillius,Rock,Dragon,,,,25,2700,696,,,,,82,121,119,69,59,71,521
698,amaura,アマルス,Amaura,Amarino,Amagara,Rock,Ice,,,,13,252,,699,1,,39,77,59,50,67,63,46,362
699,aurorus,アマルルガ,Aurorus,Amagarga,Dragmara,Rock,Ice,,,,27,2250,698,,,,,123,77,72,99,92,58,521
700,sylveon,ニンフィア,Sylveon,Feelinara,Nymphali,Fairy,,,,,10,235,133,,,,,95,65,65,110,130,60,525
701,hawlucha,ウツドン,Hawlucha,Resladero,Brutalibré,Fighting,Flying,,,,8,215,,,,,,78,92,75,74,63,118,500
702,dedenne,デデンネ,Dedenne,Dedenne,Dedenne,Electric,Fairy,,,,2,22,,,,,,67,58,57,81,67,101,431
703,carbink,メレシー,Carbink,Rocara,Strassie,Rock,Fairy,,,,3,57,,,,,,50,50,150,50,150,50,500
704,goomy,ヌメラ,Goomy,Viscora,Mucuscule,Dragon,,,,,3,28,,705,1,,40,45,50,35,55,75,40,300
705,sliggoo,ヌメイル,Sliggoo,Viscargot,Colimucus,Dragon,,,,,8,175,704,706,1,,50,68,75,53,83,113,60,452
706,goodra,ヌメルゴン,Goodra,Viscogon,Muplodocus,Dragon,,,,,20,1505,705,,,,,90,100,70,110,150,80,600
707,klefki,クレッフィ,Klefki,Clavion,Trousselin,Steel,Fairy,,,,2,30,,,,,,57,80,91,80,87,75,470
708,phantump,ボクレー,Phantump,Paragoni,Brocélôme,Ghost,Grass,,,,4,70,,709,2,,,43,70,48,50,60,38,309
709,trevenant,オーロット,Trevenant,Trombork,Desséliande,Ghost,Grass,,,,15,710,708,,,,,85,110,76,65,82,56,474
710,pumpkaboo,バケッチャ,Pumpkaboo,Irrbis,Pitrouille,Ghost,Grass,,,,4,50,,711,2,,,49,66,70,44,55,51,335
711,gourgeist,ウツボット,Gourgeist,Pumpdjinn,Banshitrouye,Ghost,Grass,,,,9,125,710,,,,,65,90,122,58,75,84,494
712,bergmite,カチコール,Bergmite,Arktip,Grelaçon,Ice,,,,,10,995,,713,1,,37,55,69,85,32,35,28,304
713,avalugg,クレベース,Avalugg,Arktilas,Séracrawl,Ice,,,,,20,5050,712,,,,,95,117,184,44,46,28,514
714,noibat,オンバット,Noibat,eF-eM,Sonistrelle,Flying,Dragon,,,,5,80,,715,1,,48,40,30,35,45,40,55,245
715,noivern,オンバーン,Noivern,UHaFnir,Bruyverne,Flying,Dragon,,,,15,850,714,,,,,85,70,80,97,80,123,535
716,xerneas,ゼルネアス,Xerneas,Xerneas,Xerneas,Fairy,,,1,,30,2150,,,,,,126,131,95,131,98,99,680
717,yveltal,イベルタル,Yveltal,Yveltal,Yveltal,Dark,Flying,,1,,58,2030,,,,,,126,131,95,131,98,99,680
718,zygarde,ジガルデ,Zygarde,Zygarde,Zygarde,Dragon,Ground,,1,,50,3050,,,,,,108,100,121,81,95,95,600
719,diancie,ディアンシー,Diancie,Diancie,Diancie,Rock,Fairy,1,,,7,88,,,,,,50,100,150,100,150,50,600
720,hoopa,フーパ,Hoopa,Hoopa,Hoopa,Psychic,Ghost,1,,,5,90,,,,,,80,110,60,150,130,70,600
721,volcanion,メノクラゲ,Volcanion,Volcanion,Volcanion,Fire,Water,1,,,17,1950,,,,,,80,110,120,130,90,70,600
722,rowlet,モクロー,Rowlet,Bauz,Brindibou,Grass,Flying,,,,3,15,,723,1,,17,68,55,55,50,50,42,320
723,dartrix,フクスロー,Dartrix,Arboretoss,Efflèche,Grass,Flying,,,,7,160,722,724,1,,34,78,75,75,70,70,52,420
724,decidueye,ジュナイパー,Decidueye,Silvarro,Archéduc,Grass,Ghost,,,,16,366,723,,,,,78,107,75,100,100,70,530
725,litten,ニャビー,Litten,Flamiau,Flamiaou,Fire,,,,,4,43,,726,1,,17,45,65,40,60,40,70,320
726,torracat,ニャヒート,Torracat,Miezunder,Matoufeu,Fire,,,,,7,250,725,727,1,,34,65,85,50,80,50,90,420
727,incineroar,ガオガエン,Incineroar,Fuegro,Félinferno,Fire,Dark,,,,18,830,726,,,,,95,115,90,80,90,60,530
728,popplio,アシマリ,Popplio,Robball,Otaquin,Water,,,,,4,75,,729,1,,17,50,54,54,66,56,40,320
729,brionne,オシャマリ,Brionne,Marikeck,Otarlette,Water,,,,,6,175,728,730,1,,34,60,69,69,91,81,50,420
730,primarina,アシレーヌ,Primarina,Primarene,Oratoria,Water,Fairy,,,,18,440,729,,,,,80,74,74,126,116,60,530
731,pikipek,ドククラゲ,Pikipek,Peppeck,Picassaut,Normal,Flying,,,,3,12,,732,1,,14,35,75,30,30,30,65,265
732,trumbeak,ケララッパ,Trumbeak,Trompeck,Piclairon,Normal,Flying,,,,6,148,731,733,1,,28,55,85,50,40,50,75,355
733,toucannon,ドデカバシ,Toucannon,Tukanon,Bazoucan,Normal,Flying,,,,11,260,732,,,,,80,120,75,75,75,60,485
734,yungoos,ヤングース,Yungoos,Mangunior,Manglouton,Normal,,,,,4,60,,735,1,,20,48,70,30,30,30,45,253
735,gumshoos,デカグース,Gumshoos,Manguspektor,Argouste,Normal,,,,,7,142,734,,,,,88,110,60,55,60,45,418
736,grubbin,アゴジムシ,Grubbin,Mabula,Larvibule,Bug,,,,,4,44,,737,1,,20,47,62,45,55,45,46,300
737,charjabug,デンヂムシ,Charjabug,Akkup,Chrysapile,Bug,Electric,,,,5,105,736,738,1,,,57,82,95,55,75,36,400
738,vikavolt,クワガノン,Vikavolt,Donarion,Lucanon,Bug,Electric,,,,15,450,737,,,,,77,70,90,145,75,43,500
739,crabrawler,マケンカニ,Crabrawler,Krabbox,Crabagarre,Fighting,,,,,6,70,,740,1,,,47,82,57,42,47,63,338
740,crabominable,ケケンカニ,Crabominable,Krawell,Crabominable,Fighting,Ice,,,,17,1800,739,,,,,97,132,77,62,67,43,478
741,oricorio,イシツブテ,Oricorio,Choreogel,Plumeline,Fire,Flying,,,,6,34,,,,,,75,70,70,98,70,93,476
742,cutiefly,アブリー,Cutiefly,Wommel,Bombydou,Bug,Fairy,,,,1,2,,743,1,,25,40,45,40,55,40,84,304
743,ribombee,アブリボン,Ribombee,Bandelby,Rubombelle,Bug,Fairy,,,,2,5,742,,,,,60,55,60,95,70,124,464
744,rockruff,イワンコ,Rockruff,Wuffels,Rocabot,Rock,,,,,5,92,,745,1,,25,45,65,40,30,40,60,280
745,lycanroc,ルガルガン,Lycanroc,Wolwerock,Lougaroc,Rock,,,,,8,250,744,,,,,75,115,65,55,65,112,487
746,wishiwashi,ヨワシ,Wishiwashi,Lusardin,Froussardine,Water,,,,,2,3,,,,,,45,20,20,25,25,40,175
747,mareanie,ヒドイデ,Mareanie,Garstella,Vorastérie,Poison,Water,,,,4,80,,748,1,,38,50,53,62,43,52,45,305
748,toxapex,ドヒドイデ,Toxapex,Aggrostella,Prédastérie,Poison,Water,,,,7,145,747,,,,,50,63,152,53,142,35,495
749,mudbray,ドロバンコ,Mudbray,Pampuli,Tiboudet,Ground,,,,,10,1100,,750,1,,30,70,100,70,45,55,45,385
750,mudsdale,バンバドロ,Mudsdale,Pampross,Bourrinos,Ground,,,,,25,9200,749,,,,,100,125,100,55,85,35,500
751,dewpider,ゴローン,Dewpider,Araqua,Araqua,Water,Bug,,,,3,40,,752,1,,22,38,40,52,40,72,27,269
752,araquanid,オニシズクモ,Araquanid,Aranestro,Tarenbulle,Water,Bug,,,,18,820,751,,,,,68,70,92,50,132,42,454
753,fomantis,カリキリ,Fomantis,Imantis,Mimantis,Grass,,,,,3,15,,754,1,,34,40,55,35,50,35,35,250
754,lurantis,ラランテス,Lurantis,Mantidea,Floramantis,Grass,,,,,9,185,753,,,,,70,105,90,80,90,45,480
755,morelull,ネマシュ,Morelull,Bubungus,Spododo,Grass,Fairy,,,,2,15,,756,1,,24,40,35,55,65,75,15,285
756,shiinotic,マシェード,Shiinotic,Lamellux,Lampignon,Grass,Fairy,,,,10,115,755,,,,,60,45,80,90,100,30,405
757,salandit,ヤトウモリ,Salandit,Molunk,Tritox,Poison,Fire,,,,6,48,,758,1,,33,48,44,40,71,40,77,320
758,salazzle,エンニュート,Salazzle,Amfira,Malamandre,Poison,Fire,,,,12,222,757,,,,,68,64,60,111,60,117,480
759,stufful,ヌイコグマ,Stufful,Velursi,Nounourson,Normal,Fighting,,,,5,68,,760,1,,27,70,75,50,45,50,50,340
760,bewear,キテルグマ,Bewear,Kosturso,Chelours,Normal,Fighting,,,,21,1350,759,,,,,120,125,80,55,60,60,500
761,bounsweet,ゴローニャ,Bounsweet,Frubberl,Croquine,Grass,,,,,3,32,,762,1,,18,42,30,38,30,38,32,210
762,steenee,アママイコ,Steenee,Frubaila,Candine,Grass,,,,,7,82,761,763,1,,,52,40,48,40,48,62,290
763,tsareena,アマージョ,Tsareena,Fruyal,Sucreine,Grass,,,,,12,214,762,,,,,72,120,98,50,98,72,510
764,comfey,キュワワー,Comfey,Curelei,Guérilande,Fairy,,,,,1,3,,,,,,51,52,90,82,110,100,485
765,oranguru,ヤレユータン,Oranguru,Kommandutan,Gouroutan,Normal,Psychic,,,,15,760,,,,,,90,60,80,90,110,60,490
766,passimian,ナゲツケサル,Passimian,Quartermak,Quartermac,Fighting,,,,,20,828,,,,,,100,120,90,40,60,80,490
767,wimpod,コソクムシ,Wimpod,Reißlaus,Sovkipou,Bug,Water,,,,5,120,,768,1,,30,25,35,40,20,30,80,230
768,golisopod,グソクムシャ,Golisopod,Tectass,Sarmuraï,Bug,Water,,,,20,1080,767,,,,,75,125,140,60,90,40,530
769,sandygast,スナバァ,Sandygast,Sankabuh,Bacabouh,Ghost,Ground,,,,5,700,,770,1,,42,55,55,80,70,45,15,320
770,palossand,シロデスナ,Palossand,Colossand,Trépassable,Ghost,Ground,,,,13,2500,769,,,,,85,75,110,100,75,35,480
771,pyukumuku,ポニータ,Pyukumuku,Gufa,Concombaffe,Water,,,,,3,12,,,,,,55,60,130,30,130,5,410
772,type-null,タイプ：ヌル,Type: Null,Typ:Null,Type:0,Normal,,,1,,19,1205,,773,1,,,95,95,95,95,95,59,534
773,silvally,シルヴァディ,Silvally,Amigento,Silvallié,Normal,,,1,,23,1005,772,,,,,95,95,95,95,95,95,570
774,minior,メテノ,Minior,Meteno,Météno,Rock,Flying,,,,3,400,,,,,,60,60,100,60,100,60,440
775,komala,ネッコアラ,Komala,Koalelu,Dodoala,Normal,,,,,4,199,,,,,,65,115,65,75,95,65,480
776,turtonator,バクガメス,Turtonator,Tortunator,Boumata,Fire,Dragon,,,,20,2120,,,,,,60,78,135,91,85,36,485
777,togedemaru,トゲデマル,Togedemaru,Togedemaru,Togedemaru,Electric,Steel,,,,3,33,,,,,,65,98,63,40,73,96,435
778,mimikyu,ミミッキュ,Mimikyu,Mimigma,Mimiqui,Ghost,Fairy,,,,2,7,,,,,,55,90,80,50,105,96,476
779,bruxish,ハギギシリ,Bruxish,Knirfish,Denticrisse,Water,Psychic,,,,9,190,,,,,,68,105,70,70,70,92,475
780,drampa,ジジーロン,Drampa,Sen-Long,Draïeul,Normal,Dragon,,,,30,1850,,,,,,78,60,85,135,91,36,485
781,dhelmise,ギャロップ,Dhelmise,Moruda,Sinistrail,Ghost,Grass,,,,39,2100,,,,,,70,131,100,86,90,40,517
782,jangmo-o,ジャラコ,Jangmo-o,Miniras,Bébécaille,Dragon,,,,,6,297,,783,1,,35,45,55,65,45,45,45,300
783,hakamo-o,ジャランゴ,Hakamo-o,Mediras,Écaïd,Dragon,Fighting,,,,12,470,782,784,1,,45,55,75,90,65,70,65,420
784,kommo-o,ジャラランガ,Kommo-o,Grandiras,Ékaïser,Dragon,Fighting,,,,16,782,783,,,,,75,110,125,100,105,85,600
785,tapu-koko,カプ・コケコ,Tapu Koko,Kapu-Riki,Tokorico,Electric,Fairy,,1,,18,205,,,,,,70,115,85,95,75,130,570
786,tapu-lele,カプ・テテフ,Tapu Lele,Kapu-Fala,Tokopiyon,Psychic,Fairy,,1,,12,186,,,,,,70,85,75,130,115,95,570
787,tapu-bulu,カプ・ブルル,Tapu Bulu,Kapu-Toro,Tokotoro,Grass,Fairy,,1,,19,455,,,,,,70,130,115,85,95,75,570
788,tapu-fini,カプ・レヒレ,Tapu Fini,Kapu-Kime,Tokopisco,Water,Fairy,,1,,13,212,,,,,,70,75,115,95,130,85,570
789,cosmog,コスモッグ,Cosmog,Cosmog,Cosmog,Psychic,,,1,,2,1,,790,1,,43,43,29,31,29,31,37,200
790,cosmoem,コスモウム,Cosmoem,Cosmovum,Cosmovum,Psychic,,,1,,1,9999,789,791,1,,53,43,29,131,29,131,37,400
791,solgaleo,ヤドン,Solgaleo,Solgaleo,Solgaleo,Psychic,Steel,,1,,34,2300,790,,,,,137,137,107,113,89,97,680
792,lunala,ルナアーラ,Lunala,Lunala,Lunala,Psychic,Ghost,,1,,40,1200,790,,,,,137,113,89,137,107,97,680
793,nihilego,ウツロイド,Nihilego,Anego,Zéroïd,Rock,Poison,,,1,12,555,,,,,,109,53,47,127,131,103,570
794,buzzwole,マッシブーン,Buzzwole,Masskito,Mouscoto,Bug,Fighting,,,1,24,3336,,,,,,107,139,139,53,53,79,570
795,pheromosa,フェローチェ,Pheromosa,Schabelle,Cancrelove,Bug,Fighting,,,1,18,250,,,,,,71,137,37,137,37,151,570
796,xurkitree,デンジュモク,Xurkitree,Voltriant,Câblifère,Electric,,,,1,38,1000,,,,,,83,89,71,173,71,83,570
797,celesteela,テッカグヤ,Celesteela,Kaguron,Bamboiselle,Steel,Flying,,,1,92,9999,,,,,,97,101,103,107,101,61,570
798,kartana,カミツルギ,Kartana,Katagami,Katagami,Grass,Steel,,,1,3,1,,,,,,59,181,131,59,31,109,570
799,guzzlord,アクジキング,Guzzlord,Schlingking,Engloutyran,Dark,Dragon,,,1,55,8880,,,,,,223,101,53,97,53,43,570
800,necrozma,ネクロズマ,Necrozma,Necrozma,Necrozma,Psychic,,,1,,24,2300,,,,,,97,107,101,127,89,79,600
801,magearna,ヤドラン,Magearna,Magearna,Magearna,Steel,Fairy,1,,,10,805,,,,,,80,95,115,130,115,65,600
802,marshadow,マーシャドー,Marshadow,Marshadow,Marshadow,Fighting,Ghost,1,,,7,222,,,,,,90,125,80,90,90,125,600
803,poipole,ベベノム,Poipole,Venicro,Vémini,Poison,,,,1,6,18,,804,1,,,67,73,67,73,67,73,420
804,naganadel,アーゴヨン,Naganadel,Agoyon,Mandrillon,Poison,Dragon,,,1,36,1500,803,,,,,73,73,73,127,73,121,540
805,stakataka,ツンデツンデ,Stakataka,Muramura,Ama-Ama,Rock,Steel,,,1,55,8200,,,,,,61,131,211,53,101,13,570
806,blacephalon,ズガドーン,Blacephalon,Kopplosio,Pierroteknik,Fire,Ghost,,,1,18,130,,,,,,53,127,53,151,79,107,570
807,zeraora,ゼラオラ,Zeraora,Zeraora,Zeraora,Electric,,1,,,15,445,,,,,,88,112,75,102,80,143,600
808,meltan,メルタン,Meltan,Meltan,Meltan,Steel,,1,,,2,80,,,,,,46,65,65,55,35,34,300
809,melmetal,メルメタル,Melmetal,Melmetal,Melmetal,Steel,,1,,,25,8000,,,,,,135,143,143,80,65,34,600